protein	mutation	reference_accession	effect	source_publication	notes
HA	K180Q	FJ966082	Antigenic escape mutation	https://www.pnas.org/doi/full/10.1073/pnas.1409171111#sec-3	A/California/07/2009
HA	S179N	FJ966082	Antigenic escape mutation	https://doi.org/10.1038/s41598-017-17986-8	A/California/07/2009 (CA/09)
HA	G172E	FJ966082	Antigenic escape mutation	https://doi.org/10.1371/journal.ppat.1005702	A/California/04/2009/E3
HA	V237M	FJ966082	Antigenic escape mutation	https://doi.org/10.1038/s41598-017-14931-7	A/Extremadura/RR6530/2010
HA	T89A	FJ966082	Antigenic escape mutation	https://doi.org/10.1038/s41598-017-14931-7	A/California/04/2009/E3
HA	S160G	FJ966082	Antigenic escape mutation	https://doi.org/10.1038/s41598-017-14931-7	A/California/04/2009/E3
HA	T89K	FJ966082	Antigenic escape mutation	https://doi.org/10.1099/vir.0.061598-0	A/California/04/2009/E3
HA	V41I	FJ966082	Antigenic escape mutation	https://doi.org/10.1038/s41598-017-14931-7	A/California/04/2009/E3
HA	A388V	FJ966082	Antigenic escape mutation	https://doi.org/10.1038/s41598-017-14931-7	A/California/04/2009/E3
HA	V466I	FJ966082	Antigenic escape mutation	https://doi.org/10.1038/s41598-017-14931-7	A/California/04/2009/E3
HA	R526G	FJ966082	Antigenic escape mutation	https://doi.org/10.1038/s41598-017-14931-7	A/California/04/2009/E3
HA	R91G	NC_002017.1	Antigenic escape mutation	10.1016/0092-8674(82)90135-0	A/PR/8/34
HA	L87P	NC_002017.1	Antigenic escape mutation	10.1016/0092-8674(82)90135-0	A/PR/8/34
HA	V90E	NC_002017.1	Antigenic escape mutation	10.1016/0092-8674(82)90135-0	A/PR/8/34
HA	L88P	NC_002017.1	Antigenic escape mutation	10.1016/0092-8674(82)90135-0	A/PR/8/34
HA	S92P	NC_002017.1	Antigenic escape mutation	10.1016/0092-8674(82)90135-0	A/PR/8/34
HA	E132K	NC_002017.1	Antigenic escape mutation	10.1016/0092-8674(82)90135-0	A/PR/8/34
HA	P141S	NC_002017.1	Antigenic escape mutation	10.1016/0092-8674(82)90135-0	A/PR/8/34
HA	N142Y	NC_002017.1	Antigenic escape mutation	10.1016/0092-8674(82)90135-0	A/PR/8/34
HA	S153P	NC_002017.1	Antigenic escape mutation	10.1016/0092-8674(82)90135-0	A/PR/8/34
HA	E169G	NC_002017.1	Antigenic escape mutation	10.1016/0092-8674(82)90135-0	A/PR/8/34
HA	E171V	NC_002017.1	Antigenic escape mutation	10.1016/0092-8674(82)90135-0	A/PR/8/34
HA	V182A	NC_002017.1	Antigenic escape mutation	10.1016/0092-8674(82)90135-0	A/PR/8/34
HA	G186V	NC_002017.1	Antigenic escape mutation	10.1016/0092-8674(82)90135-0	A/PR/8/34
HA	G186R	NC_002017.1	Antigenic escape mutation	10.1016/0092-8674(82)90135-0	A/PR/8/34
HA	S173L	NC_002017.1	Antigenic escape mutation	10.1016/0092-8674(82)90135-0	A/PR/8/34
HA	K176T	NC_002017.1	Antigenic escape mutation	10.1016/0092-8674(82)90135-0	A/PR/8/34
HA	K178E	NC_002017.1	Antigenic escape mutation	10.1016/0092-8674(82)90135-0	A/PR/8/34
HA	P175L	NC_002017.1	Antigenic escape mutation	10.1016/0092-8674(82)90135-0	A/PR/8/34
HA	N179K	NC_002017.1	Antigenic escape mutation	10.1016/0092-8674(82)90135-0	A/PR/8/34
HA	S180F	NC_002017.1	Antigenic escape mutation	10.1016/0092-8674(82)90135-0	A/PR/8/34
HA	S180V	NC_002017.1	Antigenic escape mutation	10.1016/0092-8674(82)90135-0	A/PR/8/34
HA	Q205L	NC_002017.1	Antigenic escape mutation	10.1016/0092-8674(82)90135-0	A/PR/8/34
HA	N206S	NC_002017.1	Antigenic escape mutation	10.1016/0092-8674(82)90135-0	A/PR/8/34
HA	N206K	NC_002017.1	Antigenic escape mutation	10.1016/0092-8674(82)90135-0	A/PR/8/34
HA	I195M	NC_002017.1	Antigenic escape mutation	10.1016/0092-8674(82)90135-0	A/PR/8/34
HA	G172D	NC_002017.1	Antigenic escape mutation	10.1016/0092-8674(82)90135-0	A/PR/8/34
HA	Q209R	NC_002017.1	Antigenic escape mutation	10.1016/0092-8674(82)90135-0	A/PR/8/34
HA	S220L	NC_002017.1	Antigenic escape mutation	10.1016/0092-8674(82)90135-0	A/PR/8/34
HA	D238G	NC_002017.1	Antigenic escape mutation	10.1016/0092-8674(82)90135-0	A/PR/8/34
HA	G253E	NC_002017.1	Antigenic escape mutation	10.1016/0092-8674(82)90135-0	A/PR/8/34
HA	G253R	NC_002017.1	Antigenic escape mutation	10.1016/0092-8674(82)90135-0	A/PR/8/34
HA	S287T	NC_002017.1	Antigenic escape mutation	10.1016/0092-8674(82)90135-0	A/PR/8/34
HA	E203D	NC_002017.1	Antigenic escape mutation	10.1016/0092-8674(82)90135-0	A/PR/8/34
HA	H25A	NC_002017.1	Antigenic escape mutation	10.1016/0092-8674(82)90135-0	A/PR/8/34
HA	N336A	NC_002017.1	Antigenic escape mutation	10.1016/0092-8674(82)90135-0	A/PR/8/34
HA	P338A	NC_002017.1	Antigenic escape mutation	10.1016/0092-8674(82)90135-0	A/PR/8/34
HA	P141L	ACR09395	Antigenic escape mutation	https://doi.org/10.1128/jvi.01381-14	A/Narita/1/2009
HA	P141T	ACR09395	Antigenic escape mutation	https://doi.org/10.1128/jvi.01381-14	A/Narita/1/2009
HA	N142D	ACR09395	Antigenic escape mutation	https://doi.org/10.1128/jvi.01381-14	A/Narita/1/2009
HA	H143Y	ACR09395	Antigenic escape mutation	https://doi.org/10.1128/jvi.01381-14	A/Narita/1/2009
HA	A151G	ACR09395	Antigenic escape mutation	https://doi.org/10.1128/jvi.01381-14	A/Narita/1/2009
HA	A151V	ACR09395	Antigenic escape mutation	https://doi.org/10.1128/jvi.01381-14	A/Narita/1/2009
HA	P154S	ACR09395	Antigenic escape mutation	https://doi.org/10.1128/jvi.01381-14	A/Narita/1/2009
HA	P154T	ACR09395	Antigenic escape mutation	https://doi.org/10.1128/jvi.01381-14	A/Narita/1/2009
HA	A156D	ACR09395	Antigenic escape mutation	https://doi.org/10.1128/jvi.01381-14	A/Narita/1/2009
HA	A156T	ACR09395	Antigenic escape mutation	https://doi.org/10.1128/jvi.01381-14	A/Narita/1/2009
HA	A156V	ACR09395	Antigenic escape mutation	https://doi.org/10.1128/jvi.01381-14	A/Narita/1/2009
HA	G157E	ACR09395	Antigenic escape mutation	https://doi.org/10.1128/jvi.01381-14	A/Narita/1/2009
HA	G157R	ACR09395	Antigenic escape mutation	https://doi.org/10.1128/jvi.01381-14	A/Narita/1/2009
HA	A158E	ACR09395	Antigenic escape mutation	https://doi.org/10.1128/jvi.01381-14	A/Narita/1/2009
HA	A158V	ACR09395	Antigenic escape mutation	https://doi.org/10.1128/jvi.01381-14	A/Narita/1/2009
HA	K159N	ACR09395	Antigenic escape mutation	https://doi.org/10.1128/jvi.01381-14	A/Narita/1/2009
HA	K170E	ACR09395	Antigenic escape mutation	https://doi.org/10.1128/jvi.01381-14	A/Narita/1/2009
HA	K170Q	ACR09395	Antigenic escape mutation	https://doi.org/10.1128/jvi.01381-14	A/Narita/1/2009
HA	K170T	ACR09395	Antigenic escape mutation	https://doi.org/10.1128/jvi.01381-14	A/Narita/1/2009
HA	K171E	ACR09395	Antigenic escape mutation	https://doi.org/10.1128/jvi.01381-14	A/Narita/1/2009
HA	K171N	ACR09395	Antigenic escape mutation	https://doi.org/10.1128/jvi.01381-14	A/Narita/1/2009
HA	K171Q	ACR09395	Antigenic escape mutation	https://doi.org/10.1128/jvi.01381-14	A/Narita/1/2009
HA	K171T	ACR09395	Antigenic escape mutation	https://doi.org/10.1128/jvi.01381-14	A/Narita/1/2009
HA	G172E	ACR09395	Antigenic escape mutation	https://doi.org/10.1128/jvi.01381-14	A/Narita/1/2009
HA	G172V	ACR09395	Antigenic escape mutation	https://doi.org/10.1128/jvi.01381-14	A/Narita/1/2009
HA	N173D	ACR09395	Antigenic escape mutation	https://doi.org/10.1128/jvi.01381-14	A/Narita/1/2009
HA	N173I	ACR09395	Antigenic escape mutation	https://doi.org/10.1128/jvi.01381-14	A/Narita/1/2009
HA	S174L	ACR09395	Antigenic escape mutation	https://doi.org/10.1128/jvi.01381-14	A/Narita/1/2009
HA	K177E	ACR09395	Antigenic escape mutation	https://doi.org/10.1128/jvi.01381-14	A/Narita/1/2009
HA	K177N	ACR09395	Antigenic escape mutation	https://doi.org/10.1128/jvi.01381-14	A/Narita/1/2009
HA	K177T	ACR09395	Antigenic escape mutation	https://doi.org/10.1128/jvi.01381-14	A/Narita/1/2009
HA	K180E	ACR09395	Antigenic escape mutation	https://doi.org/10.1128/jvi.01381-14	A/Narita/1/2009
HA	K180N	ACR09395	Antigenic escape mutation	https://doi.org/10.1128/jvi.01381-14	A/Narita/1/2009
HA	K188R	ACR09395	Antigenic escape mutation	https://doi.org/10.1128/jvi.01381-14	A/Narita/1/2009
HA	S200P	ACR09395	Antigenic escape mutation	https://doi.org/10.1128/jvi.01381-14	A/Narita/1/2009
HA	S202N	ACR09395	Antigenic escape mutation	https://doi.org/10.1128/jvi.01381-14	A/Narita/1/2009
HA	Q206E	ACR09395	Antigenic escape mutation	https://doi.org/10.1128/jvi.01381-14	A/Narita/1/2009
HA	Q210E	ACR09395	Antigenic escape mutation	https://doi.org/10.1128/jvi.01381-14	A/Narita/1/2009
HA	Q210L	ACR09395	Antigenic escape mutation	https://doi.org/10.1128/jvi.01381-14	A/Narita/1/2009
HA	N211D	ACR09395	Antigenic escape mutation	https://doi.org/10.1128/jvi.01381-14	A/Narita/1/2009
HA	A212E	ACR09395	Antigenic escape mutation	https://doi.org/10.1128/jvi.01381-14	A/Narita/1/2009
HA	A214T	ACR09395	Antigenic escape mutation	https://doi.org/10.1128/jvi.01381-14	A/Narita/1/2009
HA	S220T	ACR09395	Antigenic escape mutation	https://doi.org/10.1128/jvi.01381-14	A/Narita/1/2009
HA	E233K	ACR09395	Antigenic escape mutation	https://doi.org/10.1128/jvi.01381-14	A/Narita/1/2009
HA	R238K	ACR09395	Antigenic escape mutation	https://doi.org/10.1128/jvi.01381-14	A/Narita/1/2009
HA	N142D	JQ858372	Antigenic escape mutation	10.1016/j.virusres.2012.03.003	A/Moscow/IIV01/2009
HA	N142S	JQ858372	Antigenic escape mutation	10.1016/j.virusres.2012.03.003	A/Moscow/IIV01/2009
HA	K169E	JQ858372	Antigenic escape mutation	10.1016/j.virusres.2012.03.003	A/Moscow/IIV01/2009
HA	G171E	JQ858372	Antigenic escape mutation	10.1016/j.virusres.2012.03.003	A/Moscow/IIV01/2009
HA	N172D	JQ858372	Antigenic escape mutation	10.1016/j.virusres.2012.03.003	A/Moscow/IIV01/2009
HA	D203N	JQ858372	Antigenic escape mutation	10.1016/j.virusres.2012.03.003	A/Moscow/IIV01/2009
HA	D203E	JQ858372	Antigenic escape mutation	10.1016/j.virusres.2012.03.003	A/Moscow/IIV01/2009
HA	S223N	JQ858372	Antigenic escape mutation	10.1016/j.virusres.2012.03.003	A/Moscow/IIV01/2009
HA	G241E	JQ858372	Antigenic escape mutation	10.1016/j.virusres.2012.03.003	A/Moscow/IIV01/2009
HA	K298M	JQ858372	Antigenic escape mutation	10.1016/j.virusres.2012.03.003	A/Moscow/IIV01/2009
HA	S88Y	KF860846	Antigenic escape mutation	https://doi.org/10.1099/vir.0.061598-0	A/Extremadura/RR6530/2010
HA	K136N	KF860846	Antigenic escape mutation	https://doi.org/10.1099/vir.0.061598-0	A/Extremadura/RR6530/2010
HA	T89K	FJ966082	Antigenic escape mutation	Â https://doi.org/10.1099/vir.0.061598-0	A/California/04/2009/E3
HA	A388V	FJ966082	Antigenic escape mutation	"""https://doi.org/10.1038/s41598-017-14931-7 , https://www.nature.com/articles/s41591-020-0937-x"""	A/California/04/2009/E3
HA	K136N	KF860846	Antigenic escape mutation	Â https://doi.org/10.1099/vir.0.061598-0	A/Extremadura/RR6530/2010
