protein	mutation	reference_accession	effect	source_publication	notes	Authors	Year	Title	Journal	Reference	DOI_URL
HA	K180Q	FJ966082	Antigenic escape mutation	https://www.pnas.org/doi/full/10.1073/pnas.1409171111#sec-3	A/California/07/2009	Susanne L. Linderman, Benjamin S. Chambers, Seth J. Zost, Kaela Parkhouse, Yang Li, Christin Herrmann, Ali H. Ellebedy, Donald M. Carter, Sarah F. Andrews, Nai-Ying Zheng, Min Huang, Yunping Huang, Donna Strauss, Beth H. Shaz, Richard L. Hodinka, Gustavo Reyes-Terán, Ted M. Ross, Patrick C. Wilson, Rafi Ahmed, Jesse D. Bloom, Scott E. Hensley	2014	Potential antigenic explanation for atypical H1N1 infections among middle-aged adults during the 2013–2014 influenza season	Proceedings of the National Academy of Sciences	Susanne L. Linderman, Benjamin S. Chambers, Seth J. Zost, Kaela Parkhouse, Yang Li, Christin Herrmann, Ali H. Ellebedy, Donald M. Carter, Sarah F. Andrews, Nai-Ying Zheng, Min Huang, Yunping Huang, Donna Strauss, Beth H. Shaz, Richard L. Hodinka, Gustavo Reyes-Terán, Ted M. Ross, Patrick C. Wilson, Rafi Ahmed, Jesse D. Bloom, Scott E. Hensley (2014). Potential antigenic explanation for atypical H1N1 infections among middle-aged adults during the 2013–2014 influenza season. Proceedings of the National Academy of Sciences.	https://doi.org/https://www.pnas.org/doi/full/10.1073/pnas.1409171111#sec-3
HA	S179N	FJ966082	Antigenic escape mutation	https://doi.org/10.1038/s41598-017-17986-8	A/California/07/2009 (CA/09)	Atsuhiro Yasuhara, Seiya Yamayoshi, Priyanka Soni, Toru Takenaga, Chiharu Kawakami, Emi Takashita, Yuko Sakai-Tagawa, Ryuta Uraki, Mutsumi Ito, Kiyoko Iwatsuki-Horimoto, Tadahiro Sasaki, Kazuyoshi Ikuta, Shinya Yamada, Yoshihiro Kawaoka	2017	Diversity of antigenic mutants of influenza A(H1N1)pdm09 virus escaped from human monoclonal antibodies	Scientific Reports	Atsuhiro Yasuhara, Seiya Yamayoshi, Priyanka Soni, Toru Takenaga, Chiharu Kawakami, Emi Takashita, Yuko Sakai-Tagawa, Ryuta Uraki, Mutsumi Ito, Kiyoko Iwatsuki-Horimoto, Tadahiro Sasaki, Kazuyoshi Ikuta, Shinya Yamada, Yoshihiro Kawaoka (2017). Diversity of antigenic mutants of influenza A(H1N1)pdm09 virus escaped from human monoclonal antibodies. Scientific Reports.	https://doi.org/https://doi.org/10.1038/s41598-017-17986-8
HA	G172E	FJ966082	Antigenic escape mutation	https://doi.org/10.1371/journal.ppat.1005702	A/California/04/2009/E3	Ning Chai, Lee R. Swem, Mike Reichelt, Haiyin Chen-Harris, Elizabeth Luis, Summer Park, Ashley Fouts, Patrick Lupardus, Thomas D. Wu, Olga Li, Jacqueline McBride, Michael Lawrence, Min Xu, Man-Wah Tan	2016	Two Escape Mechanisms of Influenza A Virus to a Broadly Neutralizing Stalk-Binding Antibody	PLOS Pathogens	Ning Chai, Lee R. Swem, Mike Reichelt, Haiyin Chen-Harris, Elizabeth Luis, Summer Park, Ashley Fouts, Patrick Lupardus, Thomas D. Wu, Olga Li, Jacqueline McBride, Michael Lawrence, Min Xu, Man-Wah Tan (2016). Two Escape Mechanisms of Influenza A Virus to a Broadly Neutralizing Stalk-Binding Antibody. PLOS Pathogens.	https://doi.org/https://doi.org/10.1371/journal.ppat.1005702
HA	V237M	FJ966082	Antigenic escape mutation	https://doi.org/10.1038/s41598-017-14931-7	A/Extremadura/RR6530/2010	Christopher S. Anderson, Sandra Ortega, Francisco A. Chaves, Amelia M. Clark, Hongmei Yang, David J. Topham, Marta L. DeDiego	2017	Natural and directed antigenic drift of the H1 influenza virus hemagglutinin stalk domain	Scientific Reports	Christopher S. Anderson, Sandra Ortega, Francisco A. Chaves, Amelia M. Clark, Hongmei Yang, David J. Topham, Marta L. DeDiego (2017). Natural and directed antigenic drift of the H1 influenza virus hemagglutinin stalk domain. Scientific Reports.	https://doi.org/https://doi.org/10.1038/s41598-017-14931-7
HA	T89A	FJ966082	Antigenic escape mutation	https://doi.org/10.1038/s41598-017-14931-7	A/California/04/2009/E3	Christopher S. Anderson, Sandra Ortega, Francisco A. Chaves, Amelia M. Clark, Hongmei Yang, David J. Topham, Marta L. DeDiego	2017	Natural and directed antigenic drift of the H1 influenza virus hemagglutinin stalk domain	Scientific Reports	Christopher S. Anderson, Sandra Ortega, Francisco A. Chaves, Amelia M. Clark, Hongmei Yang, David J. Topham, Marta L. DeDiego (2017). Natural and directed antigenic drift of the H1 influenza virus hemagglutinin stalk domain. Scientific Reports.	https://doi.org/https://doi.org/10.1038/s41598-017-14931-7
HA	S160G	FJ966082	Antigenic escape mutation	https://doi.org/10.1038/s41598-017-14931-7	A/California/04/2009/E3	Christopher S. Anderson, Sandra Ortega, Francisco A. Chaves, Amelia M. Clark, Hongmei Yang, David J. Topham, Marta L. DeDiego	2017	Natural and directed antigenic drift of the H1 influenza virus hemagglutinin stalk domain	Scientific Reports	Christopher S. Anderson, Sandra Ortega, Francisco A. Chaves, Amelia M. Clark, Hongmei Yang, David J. Topham, Marta L. DeDiego (2017). Natural and directed antigenic drift of the H1 influenza virus hemagglutinin stalk domain. Scientific Reports.	https://doi.org/https://doi.org/10.1038/s41598-017-14931-7
HA	T89K	FJ966082	Antigenic escape mutation	https://doi.org/10.1099/vir.0.061598-0	A/California/04/2009/E3	Blanca García-Barreno, Teresa Delgado, Sonia Benito, Inmaculada Casas, Francisco Pozo, María Teresa Cuevas, Vicente Mas, Alfonsina Trento, Ariel Rodriguez-Frandsen, Ana Falcón, Juan Ortín, Amelia Nieto, José A. Melero	2014	Characterization of an enhanced antigenic change in the pandemic 2009 H1N1 influenza virus haemagglutinin	Journal of General Virology	Blanca García-Barreno, Teresa Delgado, Sonia Benito, Inmaculada Casas, Francisco Pozo, María Teresa Cuevas, Vicente Mas, Alfonsina Trento, Ariel Rodriguez-Frandsen, Ana Falcón, Juan Ortín, Amelia Nieto, José A. Melero (2014). Characterization of an enhanced antigenic change in the pandemic 2009 H1N1 influenza virus haemagglutinin. Journal of General Virology.	https://doi.org/https://doi.org/10.1099/vir.0.061598-0
HA	V41I	FJ966082	Antigenic escape mutation	https://doi.org/10.1038/s41598-017-14931-7	A/California/04/2009/E3	Christopher S. Anderson, Sandra Ortega, Francisco A. Chaves, Amelia M. Clark, Hongmei Yang, David J. Topham, Marta L. DeDiego	2017	Natural and directed antigenic drift of the H1 influenza virus hemagglutinin stalk domain	Scientific Reports	Christopher S. Anderson, Sandra Ortega, Francisco A. Chaves, Amelia M. Clark, Hongmei Yang, David J. Topham, Marta L. DeDiego (2017). Natural and directed antigenic drift of the H1 influenza virus hemagglutinin stalk domain. Scientific Reports.	https://doi.org/https://doi.org/10.1038/s41598-017-14931-7
HA	A388V	FJ966082	Antigenic escape mutation	https://doi.org/10.1038/s41598-017-14931-7	A/California/04/2009/E3	Christopher S. Anderson, Sandra Ortega, Francisco A. Chaves, Amelia M. Clark, Hongmei Yang, David J. Topham, Marta L. DeDiego	2017	Natural and directed antigenic drift of the H1 influenza virus hemagglutinin stalk domain	Scientific Reports	Christopher S. Anderson, Sandra Ortega, Francisco A. Chaves, Amelia M. Clark, Hongmei Yang, David J. Topham, Marta L. DeDiego (2017). Natural and directed antigenic drift of the H1 influenza virus hemagglutinin stalk domain. Scientific Reports.	https://doi.org/https://doi.org/10.1038/s41598-017-14931-7
HA	V466I	FJ966082	Antigenic escape mutation	https://doi.org/10.1038/s41598-017-14931-7	A/California/04/2009/E3	Christopher S. Anderson, Sandra Ortega, Francisco A. Chaves, Amelia M. Clark, Hongmei Yang, David J. Topham, Marta L. DeDiego	2017	Natural and directed antigenic drift of the H1 influenza virus hemagglutinin stalk domain	Scientific Reports	Christopher S. Anderson, Sandra Ortega, Francisco A. Chaves, Amelia M. Clark, Hongmei Yang, David J. Topham, Marta L. DeDiego (2017). Natural and directed antigenic drift of the H1 influenza virus hemagglutinin stalk domain. Scientific Reports.	https://doi.org/https://doi.org/10.1038/s41598-017-14931-7
HA	R526G	FJ966082	Antigenic escape mutation	https://doi.org/10.1038/s41598-017-14931-7	A/California/04/2009/E3	Christopher S. Anderson, Sandra Ortega, Francisco A. Chaves, Amelia M. Clark, Hongmei Yang, David J. Topham, Marta L. DeDiego	2017	Natural and directed antigenic drift of the H1 influenza virus hemagglutinin stalk domain	Scientific Reports	Christopher S. Anderson, Sandra Ortega, Francisco A. Chaves, Amelia M. Clark, Hongmei Yang, David J. Topham, Marta L. DeDiego (2017). Natural and directed antigenic drift of the H1 influenza virus hemagglutinin stalk domain. Scientific Reports.	https://doi.org/https://doi.org/10.1038/s41598-017-14931-7
HA	R91G	NC_002017.1	Antigenic escape mutation	10.1016/0092-8674(82)90135-0	A/PR/8/34	Andrew J. Caton, George G. Brownlee, Jonathan W. Yewdell, Walter Gerhard	1982	The antigenic structure of the influenza virus A/PR/8/34 hemagglutinin (H1 subtype)	Cell	Andrew J. Caton, George G. Brownlee, Jonathan W. Yewdell, Walter Gerhard (1982). The antigenic structure of the influenza virus A/PR/8/34 hemagglutinin (H1 subtype). Cell.	https://doi.org/10.1016/0092-8674(82)90135-0
HA	L87P	NC_002017.1	Antigenic escape mutation	10.1016/0092-8674(82)90135-0	A/PR/8/34	Andrew J. Caton, George G. Brownlee, Jonathan W. Yewdell, Walter Gerhard	1982	The antigenic structure of the influenza virus A/PR/8/34 hemagglutinin (H1 subtype)	Cell	Andrew J. Caton, George G. Brownlee, Jonathan W. Yewdell, Walter Gerhard (1982). The antigenic structure of the influenza virus A/PR/8/34 hemagglutinin (H1 subtype). Cell.	https://doi.org/10.1016/0092-8674(82)90135-0
HA	V90E	NC_002017.1	Antigenic escape mutation	10.1016/0092-8674(82)90135-0	A/PR/8/34	Andrew J. Caton, George G. Brownlee, Jonathan W. Yewdell, Walter Gerhard	1982	The antigenic structure of the influenza virus A/PR/8/34 hemagglutinin (H1 subtype)	Cell	Andrew J. Caton, George G. Brownlee, Jonathan W. Yewdell, Walter Gerhard (1982). The antigenic structure of the influenza virus A/PR/8/34 hemagglutinin (H1 subtype). Cell.	https://doi.org/10.1016/0092-8674(82)90135-0
HA	L88P	NC_002017.1	Antigenic escape mutation	10.1016/0092-8674(82)90135-0	A/PR/8/34	Andrew J. Caton, George G. Brownlee, Jonathan W. Yewdell, Walter Gerhard	1982	The antigenic structure of the influenza virus A/PR/8/34 hemagglutinin (H1 subtype)	Cell	Andrew J. Caton, George G. Brownlee, Jonathan W. Yewdell, Walter Gerhard (1982). The antigenic structure of the influenza virus A/PR/8/34 hemagglutinin (H1 subtype). Cell.	https://doi.org/10.1016/0092-8674(82)90135-0
HA	S92P	NC_002017.1	Antigenic escape mutation	10.1016/0092-8674(82)90135-0	A/PR/8/34	Andrew J. Caton, George G. Brownlee, Jonathan W. Yewdell, Walter Gerhard	1982	The antigenic structure of the influenza virus A/PR/8/34 hemagglutinin (H1 subtype)	Cell	Andrew J. Caton, George G. Brownlee, Jonathan W. Yewdell, Walter Gerhard (1982). The antigenic structure of the influenza virus A/PR/8/34 hemagglutinin (H1 subtype). Cell.	https://doi.org/10.1016/0092-8674(82)90135-0
HA	E132K	NC_002017.1	Antigenic escape mutation	10.1016/0092-8674(82)90135-0	A/PR/8/34	Andrew J. Caton, George G. Brownlee, Jonathan W. Yewdell, Walter Gerhard	1982	The antigenic structure of the influenza virus A/PR/8/34 hemagglutinin (H1 subtype)	Cell	Andrew J. Caton, George G. Brownlee, Jonathan W. Yewdell, Walter Gerhard (1982). The antigenic structure of the influenza virus A/PR/8/34 hemagglutinin (H1 subtype). Cell.	https://doi.org/10.1016/0092-8674(82)90135-0
HA	P141S	NC_002017.1	Antigenic escape mutation	10.1016/0092-8674(82)90135-0	A/PR/8/34	Andrew J. Caton, George G. Brownlee, Jonathan W. Yewdell, Walter Gerhard	1982	The antigenic structure of the influenza virus A/PR/8/34 hemagglutinin (H1 subtype)	Cell	Andrew J. Caton, George G. Brownlee, Jonathan W. Yewdell, Walter Gerhard (1982). The antigenic structure of the influenza virus A/PR/8/34 hemagglutinin (H1 subtype). Cell.	https://doi.org/10.1016/0092-8674(82)90135-0
HA	N142Y	NC_002017.1	Antigenic escape mutation	10.1016/0092-8674(82)90135-0	A/PR/8/34	Andrew J. Caton, George G. Brownlee, Jonathan W. Yewdell, Walter Gerhard	1982	The antigenic structure of the influenza virus A/PR/8/34 hemagglutinin (H1 subtype)	Cell	Andrew J. Caton, George G. Brownlee, Jonathan W. Yewdell, Walter Gerhard (1982). The antigenic structure of the influenza virus A/PR/8/34 hemagglutinin (H1 subtype). Cell.	https://doi.org/10.1016/0092-8674(82)90135-0
HA	S153P	NC_002017.1	Antigenic escape mutation	10.1016/0092-8674(82)90135-0	A/PR/8/34	Andrew J. Caton, George G. Brownlee, Jonathan W. Yewdell, Walter Gerhard	1982	The antigenic structure of the influenza virus A/PR/8/34 hemagglutinin (H1 subtype)	Cell	Andrew J. Caton, George G. Brownlee, Jonathan W. Yewdell, Walter Gerhard (1982). The antigenic structure of the influenza virus A/PR/8/34 hemagglutinin (H1 subtype). Cell.	https://doi.org/10.1016/0092-8674(82)90135-0
HA	E169G	NC_002017.1	Antigenic escape mutation	10.1016/0092-8674(82)90135-0	A/PR/8/34	Andrew J. Caton, George G. Brownlee, Jonathan W. Yewdell, Walter Gerhard	1982	The antigenic structure of the influenza virus A/PR/8/34 hemagglutinin (H1 subtype)	Cell	Andrew J. Caton, George G. Brownlee, Jonathan W. Yewdell, Walter Gerhard (1982). The antigenic structure of the influenza virus A/PR/8/34 hemagglutinin (H1 subtype). Cell.	https://doi.org/10.1016/0092-8674(82)90135-0
HA	E171V	NC_002017.1	Antigenic escape mutation	10.1016/0092-8674(82)90135-0	A/PR/8/34	Andrew J. Caton, George G. Brownlee, Jonathan W. Yewdell, Walter Gerhard	1982	The antigenic structure of the influenza virus A/PR/8/34 hemagglutinin (H1 subtype)	Cell	Andrew J. Caton, George G. Brownlee, Jonathan W. Yewdell, Walter Gerhard (1982). The antigenic structure of the influenza virus A/PR/8/34 hemagglutinin (H1 subtype). Cell.	https://doi.org/10.1016/0092-8674(82)90135-0
HA	V182A	NC_002017.1	Antigenic escape mutation	10.1016/0092-8674(82)90135-0	A/PR/8/34	Andrew J. Caton, George G. Brownlee, Jonathan W. Yewdell, Walter Gerhard	1982	The antigenic structure of the influenza virus A/PR/8/34 hemagglutinin (H1 subtype)	Cell	Andrew J. Caton, George G. Brownlee, Jonathan W. Yewdell, Walter Gerhard (1982). The antigenic structure of the influenza virus A/PR/8/34 hemagglutinin (H1 subtype). Cell.	https://doi.org/10.1016/0092-8674(82)90135-0
HA	G186V	NC_002017.1	Antigenic escape mutation	10.1016/0092-8674(82)90135-0	A/PR/8/34	Andrew J. Caton, George G. Brownlee, Jonathan W. Yewdell, Walter Gerhard	1982	The antigenic structure of the influenza virus A/PR/8/34 hemagglutinin (H1 subtype)	Cell	Andrew J. Caton, George G. Brownlee, Jonathan W. Yewdell, Walter Gerhard (1982). The antigenic structure of the influenza virus A/PR/8/34 hemagglutinin (H1 subtype). Cell.	https://doi.org/10.1016/0092-8674(82)90135-0
HA	G186R	NC_002017.1	Antigenic escape mutation	10.1016/0092-8674(82)90135-0	A/PR/8/34	Andrew J. Caton, George G. Brownlee, Jonathan W. Yewdell, Walter Gerhard	1982	The antigenic structure of the influenza virus A/PR/8/34 hemagglutinin (H1 subtype)	Cell	Andrew J. Caton, George G. Brownlee, Jonathan W. Yewdell, Walter Gerhard (1982). The antigenic structure of the influenza virus A/PR/8/34 hemagglutinin (H1 subtype). Cell.	https://doi.org/10.1016/0092-8674(82)90135-0
HA	S173L	NC_002017.1	Antigenic escape mutation	10.1016/0092-8674(82)90135-0	A/PR/8/34	Andrew J. Caton, George G. Brownlee, Jonathan W. Yewdell, Walter Gerhard	1982	The antigenic structure of the influenza virus A/PR/8/34 hemagglutinin (H1 subtype)	Cell	Andrew J. Caton, George G. Brownlee, Jonathan W. Yewdell, Walter Gerhard (1982). The antigenic structure of the influenza virus A/PR/8/34 hemagglutinin (H1 subtype). Cell.	https://doi.org/10.1016/0092-8674(82)90135-0
HA	K176T	NC_002017.1	Antigenic escape mutation	10.1016/0092-8674(82)90135-0	A/PR/8/34	Andrew J. Caton, George G. Brownlee, Jonathan W. Yewdell, Walter Gerhard	1982	The antigenic structure of the influenza virus A/PR/8/34 hemagglutinin (H1 subtype)	Cell	Andrew J. Caton, George G. Brownlee, Jonathan W. Yewdell, Walter Gerhard (1982). The antigenic structure of the influenza virus A/PR/8/34 hemagglutinin (H1 subtype). Cell.	https://doi.org/10.1016/0092-8674(82)90135-0
HA	K178E	NC_002017.1	Antigenic escape mutation	10.1016/0092-8674(82)90135-0	A/PR/8/34	Andrew J. Caton, George G. Brownlee, Jonathan W. Yewdell, Walter Gerhard	1982	The antigenic structure of the influenza virus A/PR/8/34 hemagglutinin (H1 subtype)	Cell	Andrew J. Caton, George G. Brownlee, Jonathan W. Yewdell, Walter Gerhard (1982). The antigenic structure of the influenza virus A/PR/8/34 hemagglutinin (H1 subtype). Cell.	https://doi.org/10.1016/0092-8674(82)90135-0
HA	P175L	NC_002017.1	Antigenic escape mutation	10.1016/0092-8674(82)90135-0	A/PR/8/34	Andrew J. Caton, George G. Brownlee, Jonathan W. Yewdell, Walter Gerhard	1982	The antigenic structure of the influenza virus A/PR/8/34 hemagglutinin (H1 subtype)	Cell	Andrew J. Caton, George G. Brownlee, Jonathan W. Yewdell, Walter Gerhard (1982). The antigenic structure of the influenza virus A/PR/8/34 hemagglutinin (H1 subtype). Cell.	https://doi.org/10.1016/0092-8674(82)90135-0
HA	N179K	NC_002017.1	Antigenic escape mutation	10.1016/0092-8674(82)90135-0	A/PR/8/34	Andrew J. Caton, George G. Brownlee, Jonathan W. Yewdell, Walter Gerhard	1982	The antigenic structure of the influenza virus A/PR/8/34 hemagglutinin (H1 subtype)	Cell	Andrew J. Caton, George G. Brownlee, Jonathan W. Yewdell, Walter Gerhard (1982). The antigenic structure of the influenza virus A/PR/8/34 hemagglutinin (H1 subtype). Cell.	https://doi.org/10.1016/0092-8674(82)90135-0
HA	S180F	NC_002017.1	Antigenic escape mutation	10.1016/0092-8674(82)90135-0	A/PR/8/34	Andrew J. Caton, George G. Brownlee, Jonathan W. Yewdell, Walter Gerhard	1982	The antigenic structure of the influenza virus A/PR/8/34 hemagglutinin (H1 subtype)	Cell	Andrew J. Caton, George G. Brownlee, Jonathan W. Yewdell, Walter Gerhard (1982). The antigenic structure of the influenza virus A/PR/8/34 hemagglutinin (H1 subtype). Cell.	https://doi.org/10.1016/0092-8674(82)90135-0
HA	S180V	NC_002017.1	Antigenic escape mutation	10.1016/0092-8674(82)90135-0	A/PR/8/34	Andrew J. Caton, George G. Brownlee, Jonathan W. Yewdell, Walter Gerhard	1982	The antigenic structure of the influenza virus A/PR/8/34 hemagglutinin (H1 subtype)	Cell	Andrew J. Caton, George G. Brownlee, Jonathan W. Yewdell, Walter Gerhard (1982). The antigenic structure of the influenza virus A/PR/8/34 hemagglutinin (H1 subtype). Cell.	https://doi.org/10.1016/0092-8674(82)90135-0
HA	Q205L	NC_002017.1	Antigenic escape mutation	10.1016/0092-8674(82)90135-0	A/PR/8/34	Andrew J. Caton, George G. Brownlee, Jonathan W. Yewdell, Walter Gerhard	1982	The antigenic structure of the influenza virus A/PR/8/34 hemagglutinin (H1 subtype)	Cell	Andrew J. Caton, George G. Brownlee, Jonathan W. Yewdell, Walter Gerhard (1982). The antigenic structure of the influenza virus A/PR/8/34 hemagglutinin (H1 subtype). Cell.	https://doi.org/10.1016/0092-8674(82)90135-0
HA	N206S	NC_002017.1	Antigenic escape mutation	10.1016/0092-8674(82)90135-0	A/PR/8/34	Andrew J. Caton, George G. Brownlee, Jonathan W. Yewdell, Walter Gerhard	1982	The antigenic structure of the influenza virus A/PR/8/34 hemagglutinin (H1 subtype)	Cell	Andrew J. Caton, George G. Brownlee, Jonathan W. Yewdell, Walter Gerhard (1982). The antigenic structure of the influenza virus A/PR/8/34 hemagglutinin (H1 subtype). Cell.	https://doi.org/10.1016/0092-8674(82)90135-0
HA	N206K	NC_002017.1	Antigenic escape mutation	10.1016/0092-8674(82)90135-0	A/PR/8/34	Andrew J. Caton, George G. Brownlee, Jonathan W. Yewdell, Walter Gerhard	1982	The antigenic structure of the influenza virus A/PR/8/34 hemagglutinin (H1 subtype)	Cell	Andrew J. Caton, George G. Brownlee, Jonathan W. Yewdell, Walter Gerhard (1982). The antigenic structure of the influenza virus A/PR/8/34 hemagglutinin (H1 subtype). Cell.	https://doi.org/10.1016/0092-8674(82)90135-0
HA	I195M	NC_002017.1	Antigenic escape mutation	10.1016/0092-8674(82)90135-0	A/PR/8/34	Andrew J. Caton, George G. Brownlee, Jonathan W. Yewdell, Walter Gerhard	1982	The antigenic structure of the influenza virus A/PR/8/34 hemagglutinin (H1 subtype)	Cell	Andrew J. Caton, George G. Brownlee, Jonathan W. Yewdell, Walter Gerhard (1982). The antigenic structure of the influenza virus A/PR/8/34 hemagglutinin (H1 subtype). Cell.	https://doi.org/10.1016/0092-8674(82)90135-0
HA	G172D	NC_002017.1	Antigenic escape mutation	10.1016/0092-8674(82)90135-0	A/PR/8/34	Andrew J. Caton, George G. Brownlee, Jonathan W. Yewdell, Walter Gerhard	1982	The antigenic structure of the influenza virus A/PR/8/34 hemagglutinin (H1 subtype)	Cell	Andrew J. Caton, George G. Brownlee, Jonathan W. Yewdell, Walter Gerhard (1982). The antigenic structure of the influenza virus A/PR/8/34 hemagglutinin (H1 subtype). Cell.	https://doi.org/10.1016/0092-8674(82)90135-0
HA	Q209R	NC_002017.1	Antigenic escape mutation	10.1016/0092-8674(82)90135-0	A/PR/8/34	Andrew J. Caton, George G. Brownlee, Jonathan W. Yewdell, Walter Gerhard	1982	The antigenic structure of the influenza virus A/PR/8/34 hemagglutinin (H1 subtype)	Cell	Andrew J. Caton, George G. Brownlee, Jonathan W. Yewdell, Walter Gerhard (1982). The antigenic structure of the influenza virus A/PR/8/34 hemagglutinin (H1 subtype). Cell.	https://doi.org/10.1016/0092-8674(82)90135-0
HA	S220L	NC_002017.1	Antigenic escape mutation	10.1016/0092-8674(82)90135-0	A/PR/8/34	Andrew J. Caton, George G. Brownlee, Jonathan W. Yewdell, Walter Gerhard	1982	The antigenic structure of the influenza virus A/PR/8/34 hemagglutinin (H1 subtype)	Cell	Andrew J. Caton, George G. Brownlee, Jonathan W. Yewdell, Walter Gerhard (1982). The antigenic structure of the influenza virus A/PR/8/34 hemagglutinin (H1 subtype). Cell.	https://doi.org/10.1016/0092-8674(82)90135-0
HA	D238G	NC_002017.1	Antigenic escape mutation	10.1016/0092-8674(82)90135-0	A/PR/8/34	Andrew J. Caton, George G. Brownlee, Jonathan W. Yewdell, Walter Gerhard	1982	The antigenic structure of the influenza virus A/PR/8/34 hemagglutinin (H1 subtype)	Cell	Andrew J. Caton, George G. Brownlee, Jonathan W. Yewdell, Walter Gerhard (1982). The antigenic structure of the influenza virus A/PR/8/34 hemagglutinin (H1 subtype). Cell.	https://doi.org/10.1016/0092-8674(82)90135-0
HA	G253E	NC_002017.1	Antigenic escape mutation	10.1016/0092-8674(82)90135-0	A/PR/8/34	Andrew J. Caton, George G. Brownlee, Jonathan W. Yewdell, Walter Gerhard	1982	The antigenic structure of the influenza virus A/PR/8/34 hemagglutinin (H1 subtype)	Cell	Andrew J. Caton, George G. Brownlee, Jonathan W. Yewdell, Walter Gerhard (1982). The antigenic structure of the influenza virus A/PR/8/34 hemagglutinin (H1 subtype). Cell.	https://doi.org/10.1016/0092-8674(82)90135-0
HA	G253R	NC_002017.1	Antigenic escape mutation	10.1016/0092-8674(82)90135-0	A/PR/8/34	Andrew J. Caton, George G. Brownlee, Jonathan W. Yewdell, Walter Gerhard	1982	The antigenic structure of the influenza virus A/PR/8/34 hemagglutinin (H1 subtype)	Cell	Andrew J. Caton, George G. Brownlee, Jonathan W. Yewdell, Walter Gerhard (1982). The antigenic structure of the influenza virus A/PR/8/34 hemagglutinin (H1 subtype). Cell.	https://doi.org/10.1016/0092-8674(82)90135-0
HA	S287T	NC_002017.1	Antigenic escape mutation	10.1016/0092-8674(82)90135-0	A/PR/8/34	Andrew J. Caton, George G. Brownlee, Jonathan W. Yewdell, Walter Gerhard	1982	The antigenic structure of the influenza virus A/PR/8/34 hemagglutinin (H1 subtype)	Cell	Andrew J. Caton, George G. Brownlee, Jonathan W. Yewdell, Walter Gerhard (1982). The antigenic structure of the influenza virus A/PR/8/34 hemagglutinin (H1 subtype). Cell.	https://doi.org/10.1016/0092-8674(82)90135-0
HA	E203D	NC_002017.1	Antigenic escape mutation	10.1016/0092-8674(82)90135-0	A/PR/8/34	Andrew J. Caton, George G. Brownlee, Jonathan W. Yewdell, Walter Gerhard	1982	The antigenic structure of the influenza virus A/PR/8/34 hemagglutinin (H1 subtype)	Cell	Andrew J. Caton, George G. Brownlee, Jonathan W. Yewdell, Walter Gerhard (1982). The antigenic structure of the influenza virus A/PR/8/34 hemagglutinin (H1 subtype). Cell.	https://doi.org/10.1016/0092-8674(82)90135-0
HA	H25A	NC_002017.1	Antigenic escape mutation	10.1016/0092-8674(82)90135-0	A/PR/8/34	Andrew J. Caton, George G. Brownlee, Jonathan W. Yewdell, Walter Gerhard	1982	The antigenic structure of the influenza virus A/PR/8/34 hemagglutinin (H1 subtype)	Cell	Andrew J. Caton, George G. Brownlee, Jonathan W. Yewdell, Walter Gerhard (1982). The antigenic structure of the influenza virus A/PR/8/34 hemagglutinin (H1 subtype). Cell.	https://doi.org/10.1016/0092-8674(82)90135-0
HA	N336A	NC_002017.1	Antigenic escape mutation	10.1016/0092-8674(82)90135-0	A/PR/8/34	Andrew J. Caton, George G. Brownlee, Jonathan W. Yewdell, Walter Gerhard	1982	The antigenic structure of the influenza virus A/PR/8/34 hemagglutinin (H1 subtype)	Cell	Andrew J. Caton, George G. Brownlee, Jonathan W. Yewdell, Walter Gerhard (1982). The antigenic structure of the influenza virus A/PR/8/34 hemagglutinin (H1 subtype). Cell.	https://doi.org/10.1016/0092-8674(82)90135-0
HA	P338A	NC_002017.1	Antigenic escape mutation	10.1016/0092-8674(82)90135-0	A/PR/8/34	Andrew J. Caton, George G. Brownlee, Jonathan W. Yewdell, Walter Gerhard	1982	The antigenic structure of the influenza virus A/PR/8/34 hemagglutinin (H1 subtype)	Cell	Andrew J. Caton, George G. Brownlee, Jonathan W. Yewdell, Walter Gerhard (1982). The antigenic structure of the influenza virus A/PR/8/34 hemagglutinin (H1 subtype). Cell.	https://doi.org/10.1016/0092-8674(82)90135-0
HA	P141L	ACR09395	Antigenic escape mutation	https://doi.org/10.1128/jvi.01381-14	A/Narita/1/2009	Yoko Matsuzaki, Kanetsu Sugawara, Mina Nakauchi, Yoshimasa Takahashi, Taishi Onodera, Yasuko Tsunetsugu-Yokota, Takayuki Matsumura, Manabu Ato, Kazuo Kobayashi, Yoshitaka Shimotai, Katsumi Mizuta, Seiji Hongo, Masato Tashiro, Eri Nobusawa	2014	Epitope Mapping of the Hemagglutinin Molecule of A/(H1N1)pdm09 Influenza Virus by Using Monoclonal Antibody Escape Mutants	Journal of Virology	Yoko Matsuzaki, Kanetsu Sugawara, Mina Nakauchi, Yoshimasa Takahashi, Taishi Onodera, Yasuko Tsunetsugu-Yokota, Takayuki Matsumura, Manabu Ato, Kazuo Kobayashi, Yoshitaka Shimotai, Katsumi Mizuta, Seiji Hongo, Masato Tashiro, Eri Nobusawa (2014). Epitope Mapping of the Hemagglutinin Molecule of A/(H1N1)pdm09 Influenza Virus by Using Monoclonal Antibody Escape Mutants. Journal of Virology.	https://doi.org/https://doi.org/10.1128/jvi.01381-14
HA	P141T	ACR09395	Antigenic escape mutation	https://doi.org/10.1128/jvi.01381-14	A/Narita/1/2009	Yoko Matsuzaki, Kanetsu Sugawara, Mina Nakauchi, Yoshimasa Takahashi, Taishi Onodera, Yasuko Tsunetsugu-Yokota, Takayuki Matsumura, Manabu Ato, Kazuo Kobayashi, Yoshitaka Shimotai, Katsumi Mizuta, Seiji Hongo, Masato Tashiro, Eri Nobusawa	2014	Epitope Mapping of the Hemagglutinin Molecule of A/(H1N1)pdm09 Influenza Virus by Using Monoclonal Antibody Escape Mutants	Journal of Virology	Yoko Matsuzaki, Kanetsu Sugawara, Mina Nakauchi, Yoshimasa Takahashi, Taishi Onodera, Yasuko Tsunetsugu-Yokota, Takayuki Matsumura, Manabu Ato, Kazuo Kobayashi, Yoshitaka Shimotai, Katsumi Mizuta, Seiji Hongo, Masato Tashiro, Eri Nobusawa (2014). Epitope Mapping of the Hemagglutinin Molecule of A/(H1N1)pdm09 Influenza Virus by Using Monoclonal Antibody Escape Mutants. Journal of Virology.	https://doi.org/https://doi.org/10.1128/jvi.01381-14
HA	N142D	ACR09395	Antigenic escape mutation	https://doi.org/10.1128/jvi.01381-14	A/Narita/1/2009	Yoko Matsuzaki, Kanetsu Sugawara, Mina Nakauchi, Yoshimasa Takahashi, Taishi Onodera, Yasuko Tsunetsugu-Yokota, Takayuki Matsumura, Manabu Ato, Kazuo Kobayashi, Yoshitaka Shimotai, Katsumi Mizuta, Seiji Hongo, Masato Tashiro, Eri Nobusawa	2014	Epitope Mapping of the Hemagglutinin Molecule of A/(H1N1)pdm09 Influenza Virus by Using Monoclonal Antibody Escape Mutants	Journal of Virology	Yoko Matsuzaki, Kanetsu Sugawara, Mina Nakauchi, Yoshimasa Takahashi, Taishi Onodera, Yasuko Tsunetsugu-Yokota, Takayuki Matsumura, Manabu Ato, Kazuo Kobayashi, Yoshitaka Shimotai, Katsumi Mizuta, Seiji Hongo, Masato Tashiro, Eri Nobusawa (2014). Epitope Mapping of the Hemagglutinin Molecule of A/(H1N1)pdm09 Influenza Virus by Using Monoclonal Antibody Escape Mutants. Journal of Virology.	https://doi.org/https://doi.org/10.1128/jvi.01381-14
HA	H143Y	ACR09395	Antigenic escape mutation	https://doi.org/10.1128/jvi.01381-14	A/Narita/1/2009	Yoko Matsuzaki, Kanetsu Sugawara, Mina Nakauchi, Yoshimasa Takahashi, Taishi Onodera, Yasuko Tsunetsugu-Yokota, Takayuki Matsumura, Manabu Ato, Kazuo Kobayashi, Yoshitaka Shimotai, Katsumi Mizuta, Seiji Hongo, Masato Tashiro, Eri Nobusawa	2014	Epitope Mapping of the Hemagglutinin Molecule of A/(H1N1)pdm09 Influenza Virus by Using Monoclonal Antibody Escape Mutants	Journal of Virology	Yoko Matsuzaki, Kanetsu Sugawara, Mina Nakauchi, Yoshimasa Takahashi, Taishi Onodera, Yasuko Tsunetsugu-Yokota, Takayuki Matsumura, Manabu Ato, Kazuo Kobayashi, Yoshitaka Shimotai, Katsumi Mizuta, Seiji Hongo, Masato Tashiro, Eri Nobusawa (2014). Epitope Mapping of the Hemagglutinin Molecule of A/(H1N1)pdm09 Influenza Virus by Using Monoclonal Antibody Escape Mutants. Journal of Virology.	https://doi.org/https://doi.org/10.1128/jvi.01381-14
HA	A151G	ACR09395	Antigenic escape mutation	https://doi.org/10.1128/jvi.01381-14	A/Narita/1/2009	Yoko Matsuzaki, Kanetsu Sugawara, Mina Nakauchi, Yoshimasa Takahashi, Taishi Onodera, Yasuko Tsunetsugu-Yokota, Takayuki Matsumura, Manabu Ato, Kazuo Kobayashi, Yoshitaka Shimotai, Katsumi Mizuta, Seiji Hongo, Masato Tashiro, Eri Nobusawa	2014	Epitope Mapping of the Hemagglutinin Molecule of A/(H1N1)pdm09 Influenza Virus by Using Monoclonal Antibody Escape Mutants	Journal of Virology	Yoko Matsuzaki, Kanetsu Sugawara, Mina Nakauchi, Yoshimasa Takahashi, Taishi Onodera, Yasuko Tsunetsugu-Yokota, Takayuki Matsumura, Manabu Ato, Kazuo Kobayashi, Yoshitaka Shimotai, Katsumi Mizuta, Seiji Hongo, Masato Tashiro, Eri Nobusawa (2014). Epitope Mapping of the Hemagglutinin Molecule of A/(H1N1)pdm09 Influenza Virus by Using Monoclonal Antibody Escape Mutants. Journal of Virology.	https://doi.org/https://doi.org/10.1128/jvi.01381-14
HA	A151V	ACR09395	Antigenic escape mutation	https://doi.org/10.1128/jvi.01381-14	A/Narita/1/2009	Yoko Matsuzaki, Kanetsu Sugawara, Mina Nakauchi, Yoshimasa Takahashi, Taishi Onodera, Yasuko Tsunetsugu-Yokota, Takayuki Matsumura, Manabu Ato, Kazuo Kobayashi, Yoshitaka Shimotai, Katsumi Mizuta, Seiji Hongo, Masato Tashiro, Eri Nobusawa	2014	Epitope Mapping of the Hemagglutinin Molecule of A/(H1N1)pdm09 Influenza Virus by Using Monoclonal Antibody Escape Mutants	Journal of Virology	Yoko Matsuzaki, Kanetsu Sugawara, Mina Nakauchi, Yoshimasa Takahashi, Taishi Onodera, Yasuko Tsunetsugu-Yokota, Takayuki Matsumura, Manabu Ato, Kazuo Kobayashi, Yoshitaka Shimotai, Katsumi Mizuta, Seiji Hongo, Masato Tashiro, Eri Nobusawa (2014). Epitope Mapping of the Hemagglutinin Molecule of A/(H1N1)pdm09 Influenza Virus by Using Monoclonal Antibody Escape Mutants. Journal of Virology.	https://doi.org/https://doi.org/10.1128/jvi.01381-14
HA	P154S	ACR09395	Antigenic escape mutation	https://doi.org/10.1128/jvi.01381-14	A/Narita/1/2009	Yoko Matsuzaki, Kanetsu Sugawara, Mina Nakauchi, Yoshimasa Takahashi, Taishi Onodera, Yasuko Tsunetsugu-Yokota, Takayuki Matsumura, Manabu Ato, Kazuo Kobayashi, Yoshitaka Shimotai, Katsumi Mizuta, Seiji Hongo, Masato Tashiro, Eri Nobusawa	2014	Epitope Mapping of the Hemagglutinin Molecule of A/(H1N1)pdm09 Influenza Virus by Using Monoclonal Antibody Escape Mutants	Journal of Virology	Yoko Matsuzaki, Kanetsu Sugawara, Mina Nakauchi, Yoshimasa Takahashi, Taishi Onodera, Yasuko Tsunetsugu-Yokota, Takayuki Matsumura, Manabu Ato, Kazuo Kobayashi, Yoshitaka Shimotai, Katsumi Mizuta, Seiji Hongo, Masato Tashiro, Eri Nobusawa (2014). Epitope Mapping of the Hemagglutinin Molecule of A/(H1N1)pdm09 Influenza Virus by Using Monoclonal Antibody Escape Mutants. Journal of Virology.	https://doi.org/https://doi.org/10.1128/jvi.01381-14
HA	P154T	ACR09395	Antigenic escape mutation	https://doi.org/10.1128/jvi.01381-14	A/Narita/1/2009	Yoko Matsuzaki, Kanetsu Sugawara, Mina Nakauchi, Yoshimasa Takahashi, Taishi Onodera, Yasuko Tsunetsugu-Yokota, Takayuki Matsumura, Manabu Ato, Kazuo Kobayashi, Yoshitaka Shimotai, Katsumi Mizuta, Seiji Hongo, Masato Tashiro, Eri Nobusawa	2014	Epitope Mapping of the Hemagglutinin Molecule of A/(H1N1)pdm09 Influenza Virus by Using Monoclonal Antibody Escape Mutants	Journal of Virology	Yoko Matsuzaki, Kanetsu Sugawara, Mina Nakauchi, Yoshimasa Takahashi, Taishi Onodera, Yasuko Tsunetsugu-Yokota, Takayuki Matsumura, Manabu Ato, Kazuo Kobayashi, Yoshitaka Shimotai, Katsumi Mizuta, Seiji Hongo, Masato Tashiro, Eri Nobusawa (2014). Epitope Mapping of the Hemagglutinin Molecule of A/(H1N1)pdm09 Influenza Virus by Using Monoclonal Antibody Escape Mutants. Journal of Virology.	https://doi.org/https://doi.org/10.1128/jvi.01381-14
HA	A156D	ACR09395	Antigenic escape mutation	https://doi.org/10.1128/jvi.01381-14	A/Narita/1/2009	Yoko Matsuzaki, Kanetsu Sugawara, Mina Nakauchi, Yoshimasa Takahashi, Taishi Onodera, Yasuko Tsunetsugu-Yokota, Takayuki Matsumura, Manabu Ato, Kazuo Kobayashi, Yoshitaka Shimotai, Katsumi Mizuta, Seiji Hongo, Masato Tashiro, Eri Nobusawa	2014	Epitope Mapping of the Hemagglutinin Molecule of A/(H1N1)pdm09 Influenza Virus by Using Monoclonal Antibody Escape Mutants	Journal of Virology	Yoko Matsuzaki, Kanetsu Sugawara, Mina Nakauchi, Yoshimasa Takahashi, Taishi Onodera, Yasuko Tsunetsugu-Yokota, Takayuki Matsumura, Manabu Ato, Kazuo Kobayashi, Yoshitaka Shimotai, Katsumi Mizuta, Seiji Hongo, Masato Tashiro, Eri Nobusawa (2014). Epitope Mapping of the Hemagglutinin Molecule of A/(H1N1)pdm09 Influenza Virus by Using Monoclonal Antibody Escape Mutants. Journal of Virology.	https://doi.org/https://doi.org/10.1128/jvi.01381-14
HA	A156T	ACR09395	Antigenic escape mutation	https://doi.org/10.1128/jvi.01381-14	A/Narita/1/2009	Yoko Matsuzaki, Kanetsu Sugawara, Mina Nakauchi, Yoshimasa Takahashi, Taishi Onodera, Yasuko Tsunetsugu-Yokota, Takayuki Matsumura, Manabu Ato, Kazuo Kobayashi, Yoshitaka Shimotai, Katsumi Mizuta, Seiji Hongo, Masato Tashiro, Eri Nobusawa	2014	Epitope Mapping of the Hemagglutinin Molecule of A/(H1N1)pdm09 Influenza Virus by Using Monoclonal Antibody Escape Mutants	Journal of Virology	Yoko Matsuzaki, Kanetsu Sugawara, Mina Nakauchi, Yoshimasa Takahashi, Taishi Onodera, Yasuko Tsunetsugu-Yokota, Takayuki Matsumura, Manabu Ato, Kazuo Kobayashi, Yoshitaka Shimotai, Katsumi Mizuta, Seiji Hongo, Masato Tashiro, Eri Nobusawa (2014). Epitope Mapping of the Hemagglutinin Molecule of A/(H1N1)pdm09 Influenza Virus by Using Monoclonal Antibody Escape Mutants. Journal of Virology.	https://doi.org/https://doi.org/10.1128/jvi.01381-14
HA	A156V	ACR09395	Antigenic escape mutation	https://doi.org/10.1128/jvi.01381-14	A/Narita/1/2009	Yoko Matsuzaki, Kanetsu Sugawara, Mina Nakauchi, Yoshimasa Takahashi, Taishi Onodera, Yasuko Tsunetsugu-Yokota, Takayuki Matsumura, Manabu Ato, Kazuo Kobayashi, Yoshitaka Shimotai, Katsumi Mizuta, Seiji Hongo, Masato Tashiro, Eri Nobusawa	2014	Epitope Mapping of the Hemagglutinin Molecule of A/(H1N1)pdm09 Influenza Virus by Using Monoclonal Antibody Escape Mutants	Journal of Virology	Yoko Matsuzaki, Kanetsu Sugawara, Mina Nakauchi, Yoshimasa Takahashi, Taishi Onodera, Yasuko Tsunetsugu-Yokota, Takayuki Matsumura, Manabu Ato, Kazuo Kobayashi, Yoshitaka Shimotai, Katsumi Mizuta, Seiji Hongo, Masato Tashiro, Eri Nobusawa (2014). Epitope Mapping of the Hemagglutinin Molecule of A/(H1N1)pdm09 Influenza Virus by Using Monoclonal Antibody Escape Mutants. Journal of Virology.	https://doi.org/https://doi.org/10.1128/jvi.01381-14
HA	G157E	ACR09395	Antigenic escape mutation	https://doi.org/10.1128/jvi.01381-14	A/Narita/1/2009	Yoko Matsuzaki, Kanetsu Sugawara, Mina Nakauchi, Yoshimasa Takahashi, Taishi Onodera, Yasuko Tsunetsugu-Yokota, Takayuki Matsumura, Manabu Ato, Kazuo Kobayashi, Yoshitaka Shimotai, Katsumi Mizuta, Seiji Hongo, Masato Tashiro, Eri Nobusawa	2014	Epitope Mapping of the Hemagglutinin Molecule of A/(H1N1)pdm09 Influenza Virus by Using Monoclonal Antibody Escape Mutants	Journal of Virology	Yoko Matsuzaki, Kanetsu Sugawara, Mina Nakauchi, Yoshimasa Takahashi, Taishi Onodera, Yasuko Tsunetsugu-Yokota, Takayuki Matsumura, Manabu Ato, Kazuo Kobayashi, Yoshitaka Shimotai, Katsumi Mizuta, Seiji Hongo, Masato Tashiro, Eri Nobusawa (2014). Epitope Mapping of the Hemagglutinin Molecule of A/(H1N1)pdm09 Influenza Virus by Using Monoclonal Antibody Escape Mutants. Journal of Virology.	https://doi.org/https://doi.org/10.1128/jvi.01381-14
HA	G157R	ACR09395	Antigenic escape mutation	https://doi.org/10.1128/jvi.01381-14	A/Narita/1/2009	Yoko Matsuzaki, Kanetsu Sugawara, Mina Nakauchi, Yoshimasa Takahashi, Taishi Onodera, Yasuko Tsunetsugu-Yokota, Takayuki Matsumura, Manabu Ato, Kazuo Kobayashi, Yoshitaka Shimotai, Katsumi Mizuta, Seiji Hongo, Masato Tashiro, Eri Nobusawa	2014	Epitope Mapping of the Hemagglutinin Molecule of A/(H1N1)pdm09 Influenza Virus by Using Monoclonal Antibody Escape Mutants	Journal of Virology	Yoko Matsuzaki, Kanetsu Sugawara, Mina Nakauchi, Yoshimasa Takahashi, Taishi Onodera, Yasuko Tsunetsugu-Yokota, Takayuki Matsumura, Manabu Ato, Kazuo Kobayashi, Yoshitaka Shimotai, Katsumi Mizuta, Seiji Hongo, Masato Tashiro, Eri Nobusawa (2014). Epitope Mapping of the Hemagglutinin Molecule of A/(H1N1)pdm09 Influenza Virus by Using Monoclonal Antibody Escape Mutants. Journal of Virology.	https://doi.org/https://doi.org/10.1128/jvi.01381-14
HA	A158E	ACR09395	Antigenic escape mutation	https://doi.org/10.1128/jvi.01381-14	A/Narita/1/2009	Yoko Matsuzaki, Kanetsu Sugawara, Mina Nakauchi, Yoshimasa Takahashi, Taishi Onodera, Yasuko Tsunetsugu-Yokota, Takayuki Matsumura, Manabu Ato, Kazuo Kobayashi, Yoshitaka Shimotai, Katsumi Mizuta, Seiji Hongo, Masato Tashiro, Eri Nobusawa	2014	Epitope Mapping of the Hemagglutinin Molecule of A/(H1N1)pdm09 Influenza Virus by Using Monoclonal Antibody Escape Mutants	Journal of Virology	Yoko Matsuzaki, Kanetsu Sugawara, Mina Nakauchi, Yoshimasa Takahashi, Taishi Onodera, Yasuko Tsunetsugu-Yokota, Takayuki Matsumura, Manabu Ato, Kazuo Kobayashi, Yoshitaka Shimotai, Katsumi Mizuta, Seiji Hongo, Masato Tashiro, Eri Nobusawa (2014). Epitope Mapping of the Hemagglutinin Molecule of A/(H1N1)pdm09 Influenza Virus by Using Monoclonal Antibody Escape Mutants. Journal of Virology.	https://doi.org/https://doi.org/10.1128/jvi.01381-14
HA	A158V	ACR09395	Antigenic escape mutation	https://doi.org/10.1128/jvi.01381-14	A/Narita/1/2009	Yoko Matsuzaki, Kanetsu Sugawara, Mina Nakauchi, Yoshimasa Takahashi, Taishi Onodera, Yasuko Tsunetsugu-Yokota, Takayuki Matsumura, Manabu Ato, Kazuo Kobayashi, Yoshitaka Shimotai, Katsumi Mizuta, Seiji Hongo, Masato Tashiro, Eri Nobusawa	2014	Epitope Mapping of the Hemagglutinin Molecule of A/(H1N1)pdm09 Influenza Virus by Using Monoclonal Antibody Escape Mutants	Journal of Virology	Yoko Matsuzaki, Kanetsu Sugawara, Mina Nakauchi, Yoshimasa Takahashi, Taishi Onodera, Yasuko Tsunetsugu-Yokota, Takayuki Matsumura, Manabu Ato, Kazuo Kobayashi, Yoshitaka Shimotai, Katsumi Mizuta, Seiji Hongo, Masato Tashiro, Eri Nobusawa (2014). Epitope Mapping of the Hemagglutinin Molecule of A/(H1N1)pdm09 Influenza Virus by Using Monoclonal Antibody Escape Mutants. Journal of Virology.	https://doi.org/https://doi.org/10.1128/jvi.01381-14
HA	K159N	ACR09395	Antigenic escape mutation	https://doi.org/10.1128/jvi.01381-14	A/Narita/1/2009	Yoko Matsuzaki, Kanetsu Sugawara, Mina Nakauchi, Yoshimasa Takahashi, Taishi Onodera, Yasuko Tsunetsugu-Yokota, Takayuki Matsumura, Manabu Ato, Kazuo Kobayashi, Yoshitaka Shimotai, Katsumi Mizuta, Seiji Hongo, Masato Tashiro, Eri Nobusawa	2014	Epitope Mapping of the Hemagglutinin Molecule of A/(H1N1)pdm09 Influenza Virus by Using Monoclonal Antibody Escape Mutants	Journal of Virology	Yoko Matsuzaki, Kanetsu Sugawara, Mina Nakauchi, Yoshimasa Takahashi, Taishi Onodera, Yasuko Tsunetsugu-Yokota, Takayuki Matsumura, Manabu Ato, Kazuo Kobayashi, Yoshitaka Shimotai, Katsumi Mizuta, Seiji Hongo, Masato Tashiro, Eri Nobusawa (2014). Epitope Mapping of the Hemagglutinin Molecule of A/(H1N1)pdm09 Influenza Virus by Using Monoclonal Antibody Escape Mutants. Journal of Virology.	https://doi.org/https://doi.org/10.1128/jvi.01381-14
HA	K170E	ACR09395	Antigenic escape mutation	https://doi.org/10.1128/jvi.01381-14	A/Narita/1/2009	Yoko Matsuzaki, Kanetsu Sugawara, Mina Nakauchi, Yoshimasa Takahashi, Taishi Onodera, Yasuko Tsunetsugu-Yokota, Takayuki Matsumura, Manabu Ato, Kazuo Kobayashi, Yoshitaka Shimotai, Katsumi Mizuta, Seiji Hongo, Masato Tashiro, Eri Nobusawa	2014	Epitope Mapping of the Hemagglutinin Molecule of A/(H1N1)pdm09 Influenza Virus by Using Monoclonal Antibody Escape Mutants	Journal of Virology	Yoko Matsuzaki, Kanetsu Sugawara, Mina Nakauchi, Yoshimasa Takahashi, Taishi Onodera, Yasuko Tsunetsugu-Yokota, Takayuki Matsumura, Manabu Ato, Kazuo Kobayashi, Yoshitaka Shimotai, Katsumi Mizuta, Seiji Hongo, Masato Tashiro, Eri Nobusawa (2014). Epitope Mapping of the Hemagglutinin Molecule of A/(H1N1)pdm09 Influenza Virus by Using Monoclonal Antibody Escape Mutants. Journal of Virology.	https://doi.org/https://doi.org/10.1128/jvi.01381-14
HA	K170Q	ACR09395	Antigenic escape mutation	https://doi.org/10.1128/jvi.01381-14	A/Narita/1/2009	Yoko Matsuzaki, Kanetsu Sugawara, Mina Nakauchi, Yoshimasa Takahashi, Taishi Onodera, Yasuko Tsunetsugu-Yokota, Takayuki Matsumura, Manabu Ato, Kazuo Kobayashi, Yoshitaka Shimotai, Katsumi Mizuta, Seiji Hongo, Masato Tashiro, Eri Nobusawa	2014	Epitope Mapping of the Hemagglutinin Molecule of A/(H1N1)pdm09 Influenza Virus by Using Monoclonal Antibody Escape Mutants	Journal of Virology	Yoko Matsuzaki, Kanetsu Sugawara, Mina Nakauchi, Yoshimasa Takahashi, Taishi Onodera, Yasuko Tsunetsugu-Yokota, Takayuki Matsumura, Manabu Ato, Kazuo Kobayashi, Yoshitaka Shimotai, Katsumi Mizuta, Seiji Hongo, Masato Tashiro, Eri Nobusawa (2014). Epitope Mapping of the Hemagglutinin Molecule of A/(H1N1)pdm09 Influenza Virus by Using Monoclonal Antibody Escape Mutants. Journal of Virology.	https://doi.org/https://doi.org/10.1128/jvi.01381-14
HA	K170T	ACR09395	Antigenic escape mutation	https://doi.org/10.1128/jvi.01381-14	A/Narita/1/2009	Yoko Matsuzaki, Kanetsu Sugawara, Mina Nakauchi, Yoshimasa Takahashi, Taishi Onodera, Yasuko Tsunetsugu-Yokota, Takayuki Matsumura, Manabu Ato, Kazuo Kobayashi, Yoshitaka Shimotai, Katsumi Mizuta, Seiji Hongo, Masato Tashiro, Eri Nobusawa	2014	Epitope Mapping of the Hemagglutinin Molecule of A/(H1N1)pdm09 Influenza Virus by Using Monoclonal Antibody Escape Mutants	Journal of Virology	Yoko Matsuzaki, Kanetsu Sugawara, Mina Nakauchi, Yoshimasa Takahashi, Taishi Onodera, Yasuko Tsunetsugu-Yokota, Takayuki Matsumura, Manabu Ato, Kazuo Kobayashi, Yoshitaka Shimotai, Katsumi Mizuta, Seiji Hongo, Masato Tashiro, Eri Nobusawa (2014). Epitope Mapping of the Hemagglutinin Molecule of A/(H1N1)pdm09 Influenza Virus by Using Monoclonal Antibody Escape Mutants. Journal of Virology.	https://doi.org/https://doi.org/10.1128/jvi.01381-14
HA	K171E	ACR09395	Antigenic escape mutation	https://doi.org/10.1128/jvi.01381-14	A/Narita/1/2009	Yoko Matsuzaki, Kanetsu Sugawara, Mina Nakauchi, Yoshimasa Takahashi, Taishi Onodera, Yasuko Tsunetsugu-Yokota, Takayuki Matsumura, Manabu Ato, Kazuo Kobayashi, Yoshitaka Shimotai, Katsumi Mizuta, Seiji Hongo, Masato Tashiro, Eri Nobusawa	2014	Epitope Mapping of the Hemagglutinin Molecule of A/(H1N1)pdm09 Influenza Virus by Using Monoclonal Antibody Escape Mutants	Journal of Virology	Yoko Matsuzaki, Kanetsu Sugawara, Mina Nakauchi, Yoshimasa Takahashi, Taishi Onodera, Yasuko Tsunetsugu-Yokota, Takayuki Matsumura, Manabu Ato, Kazuo Kobayashi, Yoshitaka Shimotai, Katsumi Mizuta, Seiji Hongo, Masato Tashiro, Eri Nobusawa (2014). Epitope Mapping of the Hemagglutinin Molecule of A/(H1N1)pdm09 Influenza Virus by Using Monoclonal Antibody Escape Mutants. Journal of Virology.	https://doi.org/https://doi.org/10.1128/jvi.01381-14
HA	K171N	ACR09395	Antigenic escape mutation	https://doi.org/10.1128/jvi.01381-14	A/Narita/1/2009	Yoko Matsuzaki, Kanetsu Sugawara, Mina Nakauchi, Yoshimasa Takahashi, Taishi Onodera, Yasuko Tsunetsugu-Yokota, Takayuki Matsumura, Manabu Ato, Kazuo Kobayashi, Yoshitaka Shimotai, Katsumi Mizuta, Seiji Hongo, Masato Tashiro, Eri Nobusawa	2014	Epitope Mapping of the Hemagglutinin Molecule of A/(H1N1)pdm09 Influenza Virus by Using Monoclonal Antibody Escape Mutants	Journal of Virology	Yoko Matsuzaki, Kanetsu Sugawara, Mina Nakauchi, Yoshimasa Takahashi, Taishi Onodera, Yasuko Tsunetsugu-Yokota, Takayuki Matsumura, Manabu Ato, Kazuo Kobayashi, Yoshitaka Shimotai, Katsumi Mizuta, Seiji Hongo, Masato Tashiro, Eri Nobusawa (2014). Epitope Mapping of the Hemagglutinin Molecule of A/(H1N1)pdm09 Influenza Virus by Using Monoclonal Antibody Escape Mutants. Journal of Virology.	https://doi.org/https://doi.org/10.1128/jvi.01381-14
HA	K171Q	ACR09395	Antigenic escape mutation	https://doi.org/10.1128/jvi.01381-14	A/Narita/1/2009	Yoko Matsuzaki, Kanetsu Sugawara, Mina Nakauchi, Yoshimasa Takahashi, Taishi Onodera, Yasuko Tsunetsugu-Yokota, Takayuki Matsumura, Manabu Ato, Kazuo Kobayashi, Yoshitaka Shimotai, Katsumi Mizuta, Seiji Hongo, Masato Tashiro, Eri Nobusawa	2014	Epitope Mapping of the Hemagglutinin Molecule of A/(H1N1)pdm09 Influenza Virus by Using Monoclonal Antibody Escape Mutants	Journal of Virology	Yoko Matsuzaki, Kanetsu Sugawara, Mina Nakauchi, Yoshimasa Takahashi, Taishi Onodera, Yasuko Tsunetsugu-Yokota, Takayuki Matsumura, Manabu Ato, Kazuo Kobayashi, Yoshitaka Shimotai, Katsumi Mizuta, Seiji Hongo, Masato Tashiro, Eri Nobusawa (2014). Epitope Mapping of the Hemagglutinin Molecule of A/(H1N1)pdm09 Influenza Virus by Using Monoclonal Antibody Escape Mutants. Journal of Virology.	https://doi.org/https://doi.org/10.1128/jvi.01381-14
HA	K171T	ACR09395	Antigenic escape mutation	https://doi.org/10.1128/jvi.01381-14	A/Narita/1/2009	Yoko Matsuzaki, Kanetsu Sugawara, Mina Nakauchi, Yoshimasa Takahashi, Taishi Onodera, Yasuko Tsunetsugu-Yokota, Takayuki Matsumura, Manabu Ato, Kazuo Kobayashi, Yoshitaka Shimotai, Katsumi Mizuta, Seiji Hongo, Masato Tashiro, Eri Nobusawa	2014	Epitope Mapping of the Hemagglutinin Molecule of A/(H1N1)pdm09 Influenza Virus by Using Monoclonal Antibody Escape Mutants	Journal of Virology	Yoko Matsuzaki, Kanetsu Sugawara, Mina Nakauchi, Yoshimasa Takahashi, Taishi Onodera, Yasuko Tsunetsugu-Yokota, Takayuki Matsumura, Manabu Ato, Kazuo Kobayashi, Yoshitaka Shimotai, Katsumi Mizuta, Seiji Hongo, Masato Tashiro, Eri Nobusawa (2014). Epitope Mapping of the Hemagglutinin Molecule of A/(H1N1)pdm09 Influenza Virus by Using Monoclonal Antibody Escape Mutants. Journal of Virology.	https://doi.org/https://doi.org/10.1128/jvi.01381-14
HA	G172E	ACR09395	Antigenic escape mutation	https://doi.org/10.1128/jvi.01381-14	A/Narita/1/2009	Yoko Matsuzaki, Kanetsu Sugawara, Mina Nakauchi, Yoshimasa Takahashi, Taishi Onodera, Yasuko Tsunetsugu-Yokota, Takayuki Matsumura, Manabu Ato, Kazuo Kobayashi, Yoshitaka Shimotai, Katsumi Mizuta, Seiji Hongo, Masato Tashiro, Eri Nobusawa	2014	Epitope Mapping of the Hemagglutinin Molecule of A/(H1N1)pdm09 Influenza Virus by Using Monoclonal Antibody Escape Mutants	Journal of Virology	Yoko Matsuzaki, Kanetsu Sugawara, Mina Nakauchi, Yoshimasa Takahashi, Taishi Onodera, Yasuko Tsunetsugu-Yokota, Takayuki Matsumura, Manabu Ato, Kazuo Kobayashi, Yoshitaka Shimotai, Katsumi Mizuta, Seiji Hongo, Masato Tashiro, Eri Nobusawa (2014). Epitope Mapping of the Hemagglutinin Molecule of A/(H1N1)pdm09 Influenza Virus by Using Monoclonal Antibody Escape Mutants. Journal of Virology.	https://doi.org/https://doi.org/10.1128/jvi.01381-14
HA	G172V	ACR09395	Antigenic escape mutation	https://doi.org/10.1128/jvi.01381-14	A/Narita/1/2009	Yoko Matsuzaki, Kanetsu Sugawara, Mina Nakauchi, Yoshimasa Takahashi, Taishi Onodera, Yasuko Tsunetsugu-Yokota, Takayuki Matsumura, Manabu Ato, Kazuo Kobayashi, Yoshitaka Shimotai, Katsumi Mizuta, Seiji Hongo, Masato Tashiro, Eri Nobusawa	2014	Epitope Mapping of the Hemagglutinin Molecule of A/(H1N1)pdm09 Influenza Virus by Using Monoclonal Antibody Escape Mutants	Journal of Virology	Yoko Matsuzaki, Kanetsu Sugawara, Mina Nakauchi, Yoshimasa Takahashi, Taishi Onodera, Yasuko Tsunetsugu-Yokota, Takayuki Matsumura, Manabu Ato, Kazuo Kobayashi, Yoshitaka Shimotai, Katsumi Mizuta, Seiji Hongo, Masato Tashiro, Eri Nobusawa (2014). Epitope Mapping of the Hemagglutinin Molecule of A/(H1N1)pdm09 Influenza Virus by Using Monoclonal Antibody Escape Mutants. Journal of Virology.	https://doi.org/https://doi.org/10.1128/jvi.01381-14
HA	N173D	ACR09395	Antigenic escape mutation	https://doi.org/10.1128/jvi.01381-14	A/Narita/1/2009	Yoko Matsuzaki, Kanetsu Sugawara, Mina Nakauchi, Yoshimasa Takahashi, Taishi Onodera, Yasuko Tsunetsugu-Yokota, Takayuki Matsumura, Manabu Ato, Kazuo Kobayashi, Yoshitaka Shimotai, Katsumi Mizuta, Seiji Hongo, Masato Tashiro, Eri Nobusawa	2014	Epitope Mapping of the Hemagglutinin Molecule of A/(H1N1)pdm09 Influenza Virus by Using Monoclonal Antibody Escape Mutants	Journal of Virology	Yoko Matsuzaki, Kanetsu Sugawara, Mina Nakauchi, Yoshimasa Takahashi, Taishi Onodera, Yasuko Tsunetsugu-Yokota, Takayuki Matsumura, Manabu Ato, Kazuo Kobayashi, Yoshitaka Shimotai, Katsumi Mizuta, Seiji Hongo, Masato Tashiro, Eri Nobusawa (2014). Epitope Mapping of the Hemagglutinin Molecule of A/(H1N1)pdm09 Influenza Virus by Using Monoclonal Antibody Escape Mutants. Journal of Virology.	https://doi.org/https://doi.org/10.1128/jvi.01381-14
HA	N173I	ACR09395	Antigenic escape mutation	https://doi.org/10.1128/jvi.01381-14	A/Narita/1/2009	Yoko Matsuzaki, Kanetsu Sugawara, Mina Nakauchi, Yoshimasa Takahashi, Taishi Onodera, Yasuko Tsunetsugu-Yokota, Takayuki Matsumura, Manabu Ato, Kazuo Kobayashi, Yoshitaka Shimotai, Katsumi Mizuta, Seiji Hongo, Masato Tashiro, Eri Nobusawa	2014	Epitope Mapping of the Hemagglutinin Molecule of A/(H1N1)pdm09 Influenza Virus by Using Monoclonal Antibody Escape Mutants	Journal of Virology	Yoko Matsuzaki, Kanetsu Sugawara, Mina Nakauchi, Yoshimasa Takahashi, Taishi Onodera, Yasuko Tsunetsugu-Yokota, Takayuki Matsumura, Manabu Ato, Kazuo Kobayashi, Yoshitaka Shimotai, Katsumi Mizuta, Seiji Hongo, Masato Tashiro, Eri Nobusawa (2014). Epitope Mapping of the Hemagglutinin Molecule of A/(H1N1)pdm09 Influenza Virus by Using Monoclonal Antibody Escape Mutants. Journal of Virology.	https://doi.org/https://doi.org/10.1128/jvi.01381-14
HA	S174L	ACR09395	Antigenic escape mutation	https://doi.org/10.1128/jvi.01381-14	A/Narita/1/2009	Yoko Matsuzaki, Kanetsu Sugawara, Mina Nakauchi, Yoshimasa Takahashi, Taishi Onodera, Yasuko Tsunetsugu-Yokota, Takayuki Matsumura, Manabu Ato, Kazuo Kobayashi, Yoshitaka Shimotai, Katsumi Mizuta, Seiji Hongo, Masato Tashiro, Eri Nobusawa	2014	Epitope Mapping of the Hemagglutinin Molecule of A/(H1N1)pdm09 Influenza Virus by Using Monoclonal Antibody Escape Mutants	Journal of Virology	Yoko Matsuzaki, Kanetsu Sugawara, Mina Nakauchi, Yoshimasa Takahashi, Taishi Onodera, Yasuko Tsunetsugu-Yokota, Takayuki Matsumura, Manabu Ato, Kazuo Kobayashi, Yoshitaka Shimotai, Katsumi Mizuta, Seiji Hongo, Masato Tashiro, Eri Nobusawa (2014). Epitope Mapping of the Hemagglutinin Molecule of A/(H1N1)pdm09 Influenza Virus by Using Monoclonal Antibody Escape Mutants. Journal of Virology.	https://doi.org/https://doi.org/10.1128/jvi.01381-14
HA	K177E	ACR09395	Antigenic escape mutation	https://doi.org/10.1128/jvi.01381-14	A/Narita/1/2009	Yoko Matsuzaki, Kanetsu Sugawara, Mina Nakauchi, Yoshimasa Takahashi, Taishi Onodera, Yasuko Tsunetsugu-Yokota, Takayuki Matsumura, Manabu Ato, Kazuo Kobayashi, Yoshitaka Shimotai, Katsumi Mizuta, Seiji Hongo, Masato Tashiro, Eri Nobusawa	2014	Epitope Mapping of the Hemagglutinin Molecule of A/(H1N1)pdm09 Influenza Virus by Using Monoclonal Antibody Escape Mutants	Journal of Virology	Yoko Matsuzaki, Kanetsu Sugawara, Mina Nakauchi, Yoshimasa Takahashi, Taishi Onodera, Yasuko Tsunetsugu-Yokota, Takayuki Matsumura, Manabu Ato, Kazuo Kobayashi, Yoshitaka Shimotai, Katsumi Mizuta, Seiji Hongo, Masato Tashiro, Eri Nobusawa (2014). Epitope Mapping of the Hemagglutinin Molecule of A/(H1N1)pdm09 Influenza Virus by Using Monoclonal Antibody Escape Mutants. Journal of Virology.	https://doi.org/https://doi.org/10.1128/jvi.01381-14
HA	K177N	ACR09395	Antigenic escape mutation	https://doi.org/10.1128/jvi.01381-14	A/Narita/1/2009	Yoko Matsuzaki, Kanetsu Sugawara, Mina Nakauchi, Yoshimasa Takahashi, Taishi Onodera, Yasuko Tsunetsugu-Yokota, Takayuki Matsumura, Manabu Ato, Kazuo Kobayashi, Yoshitaka Shimotai, Katsumi Mizuta, Seiji Hongo, Masato Tashiro, Eri Nobusawa	2014	Epitope Mapping of the Hemagglutinin Molecule of A/(H1N1)pdm09 Influenza Virus by Using Monoclonal Antibody Escape Mutants	Journal of Virology	Yoko Matsuzaki, Kanetsu Sugawara, Mina Nakauchi, Yoshimasa Takahashi, Taishi Onodera, Yasuko Tsunetsugu-Yokota, Takayuki Matsumura, Manabu Ato, Kazuo Kobayashi, Yoshitaka Shimotai, Katsumi Mizuta, Seiji Hongo, Masato Tashiro, Eri Nobusawa (2014). Epitope Mapping of the Hemagglutinin Molecule of A/(H1N1)pdm09 Influenza Virus by Using Monoclonal Antibody Escape Mutants. Journal of Virology.	https://doi.org/https://doi.org/10.1128/jvi.01381-14
HA	K177T	ACR09395	Antigenic escape mutation	https://doi.org/10.1128/jvi.01381-14	A/Narita/1/2009	Yoko Matsuzaki, Kanetsu Sugawara, Mina Nakauchi, Yoshimasa Takahashi, Taishi Onodera, Yasuko Tsunetsugu-Yokota, Takayuki Matsumura, Manabu Ato, Kazuo Kobayashi, Yoshitaka Shimotai, Katsumi Mizuta, Seiji Hongo, Masato Tashiro, Eri Nobusawa	2014	Epitope Mapping of the Hemagglutinin Molecule of A/(H1N1)pdm09 Influenza Virus by Using Monoclonal Antibody Escape Mutants	Journal of Virology	Yoko Matsuzaki, Kanetsu Sugawara, Mina Nakauchi, Yoshimasa Takahashi, Taishi Onodera, Yasuko Tsunetsugu-Yokota, Takayuki Matsumura, Manabu Ato, Kazuo Kobayashi, Yoshitaka Shimotai, Katsumi Mizuta, Seiji Hongo, Masato Tashiro, Eri Nobusawa (2014). Epitope Mapping of the Hemagglutinin Molecule of A/(H1N1)pdm09 Influenza Virus by Using Monoclonal Antibody Escape Mutants. Journal of Virology.	https://doi.org/https://doi.org/10.1128/jvi.01381-14
HA	K180E	ACR09395	Antigenic escape mutation	https://doi.org/10.1128/jvi.01381-14	A/Narita/1/2009	Yoko Matsuzaki, Kanetsu Sugawara, Mina Nakauchi, Yoshimasa Takahashi, Taishi Onodera, Yasuko Tsunetsugu-Yokota, Takayuki Matsumura, Manabu Ato, Kazuo Kobayashi, Yoshitaka Shimotai, Katsumi Mizuta, Seiji Hongo, Masato Tashiro, Eri Nobusawa	2014	Epitope Mapping of the Hemagglutinin Molecule of A/(H1N1)pdm09 Influenza Virus by Using Monoclonal Antibody Escape Mutants	Journal of Virology	Yoko Matsuzaki, Kanetsu Sugawara, Mina Nakauchi, Yoshimasa Takahashi, Taishi Onodera, Yasuko Tsunetsugu-Yokota, Takayuki Matsumura, Manabu Ato, Kazuo Kobayashi, Yoshitaka Shimotai, Katsumi Mizuta, Seiji Hongo, Masato Tashiro, Eri Nobusawa (2014). Epitope Mapping of the Hemagglutinin Molecule of A/(H1N1)pdm09 Influenza Virus by Using Monoclonal Antibody Escape Mutants. Journal of Virology.	https://doi.org/https://doi.org/10.1128/jvi.01381-14
HA	K180N	ACR09395	Antigenic escape mutation	https://doi.org/10.1128/jvi.01381-14	A/Narita/1/2009	Yoko Matsuzaki, Kanetsu Sugawara, Mina Nakauchi, Yoshimasa Takahashi, Taishi Onodera, Yasuko Tsunetsugu-Yokota, Takayuki Matsumura, Manabu Ato, Kazuo Kobayashi, Yoshitaka Shimotai, Katsumi Mizuta, Seiji Hongo, Masato Tashiro, Eri Nobusawa	2014	Epitope Mapping of the Hemagglutinin Molecule of A/(H1N1)pdm09 Influenza Virus by Using Monoclonal Antibody Escape Mutants	Journal of Virology	Yoko Matsuzaki, Kanetsu Sugawara, Mina Nakauchi, Yoshimasa Takahashi, Taishi Onodera, Yasuko Tsunetsugu-Yokota, Takayuki Matsumura, Manabu Ato, Kazuo Kobayashi, Yoshitaka Shimotai, Katsumi Mizuta, Seiji Hongo, Masato Tashiro, Eri Nobusawa (2014). Epitope Mapping of the Hemagglutinin Molecule of A/(H1N1)pdm09 Influenza Virus by Using Monoclonal Antibody Escape Mutants. Journal of Virology.	https://doi.org/https://doi.org/10.1128/jvi.01381-14
HA	K188R	ACR09395	Antigenic escape mutation	https://doi.org/10.1128/jvi.01381-14	A/Narita/1/2009	Yoko Matsuzaki, Kanetsu Sugawara, Mina Nakauchi, Yoshimasa Takahashi, Taishi Onodera, Yasuko Tsunetsugu-Yokota, Takayuki Matsumura, Manabu Ato, Kazuo Kobayashi, Yoshitaka Shimotai, Katsumi Mizuta, Seiji Hongo, Masato Tashiro, Eri Nobusawa	2014	Epitope Mapping of the Hemagglutinin Molecule of A/(H1N1)pdm09 Influenza Virus by Using Monoclonal Antibody Escape Mutants	Journal of Virology	Yoko Matsuzaki, Kanetsu Sugawara, Mina Nakauchi, Yoshimasa Takahashi, Taishi Onodera, Yasuko Tsunetsugu-Yokota, Takayuki Matsumura, Manabu Ato, Kazuo Kobayashi, Yoshitaka Shimotai, Katsumi Mizuta, Seiji Hongo, Masato Tashiro, Eri Nobusawa (2014). Epitope Mapping of the Hemagglutinin Molecule of A/(H1N1)pdm09 Influenza Virus by Using Monoclonal Antibody Escape Mutants. Journal of Virology.	https://doi.org/https://doi.org/10.1128/jvi.01381-14
HA	S200P	ACR09395	Antigenic escape mutation	https://doi.org/10.1128/jvi.01381-14	A/Narita/1/2009	Yoko Matsuzaki, Kanetsu Sugawara, Mina Nakauchi, Yoshimasa Takahashi, Taishi Onodera, Yasuko Tsunetsugu-Yokota, Takayuki Matsumura, Manabu Ato, Kazuo Kobayashi, Yoshitaka Shimotai, Katsumi Mizuta, Seiji Hongo, Masato Tashiro, Eri Nobusawa	2014	Epitope Mapping of the Hemagglutinin Molecule of A/(H1N1)pdm09 Influenza Virus by Using Monoclonal Antibody Escape Mutants	Journal of Virology	Yoko Matsuzaki, Kanetsu Sugawara, Mina Nakauchi, Yoshimasa Takahashi, Taishi Onodera, Yasuko Tsunetsugu-Yokota, Takayuki Matsumura, Manabu Ato, Kazuo Kobayashi, Yoshitaka Shimotai, Katsumi Mizuta, Seiji Hongo, Masato Tashiro, Eri Nobusawa (2014). Epitope Mapping of the Hemagglutinin Molecule of A/(H1N1)pdm09 Influenza Virus by Using Monoclonal Antibody Escape Mutants. Journal of Virology.	https://doi.org/https://doi.org/10.1128/jvi.01381-14
HA	S202N	ACR09395	Antigenic escape mutation	https://doi.org/10.1128/jvi.01381-14	A/Narita/1/2009	Yoko Matsuzaki, Kanetsu Sugawara, Mina Nakauchi, Yoshimasa Takahashi, Taishi Onodera, Yasuko Tsunetsugu-Yokota, Takayuki Matsumura, Manabu Ato, Kazuo Kobayashi, Yoshitaka Shimotai, Katsumi Mizuta, Seiji Hongo, Masato Tashiro, Eri Nobusawa	2014	Epitope Mapping of the Hemagglutinin Molecule of A/(H1N1)pdm09 Influenza Virus by Using Monoclonal Antibody Escape Mutants	Journal of Virology	Yoko Matsuzaki, Kanetsu Sugawara, Mina Nakauchi, Yoshimasa Takahashi, Taishi Onodera, Yasuko Tsunetsugu-Yokota, Takayuki Matsumura, Manabu Ato, Kazuo Kobayashi, Yoshitaka Shimotai, Katsumi Mizuta, Seiji Hongo, Masato Tashiro, Eri Nobusawa (2014). Epitope Mapping of the Hemagglutinin Molecule of A/(H1N1)pdm09 Influenza Virus by Using Monoclonal Antibody Escape Mutants. Journal of Virology.	https://doi.org/https://doi.org/10.1128/jvi.01381-14
HA	Q206E	ACR09395	Antigenic escape mutation	https://doi.org/10.1128/jvi.01381-14	A/Narita/1/2009	Yoko Matsuzaki, Kanetsu Sugawara, Mina Nakauchi, Yoshimasa Takahashi, Taishi Onodera, Yasuko Tsunetsugu-Yokota, Takayuki Matsumura, Manabu Ato, Kazuo Kobayashi, Yoshitaka Shimotai, Katsumi Mizuta, Seiji Hongo, Masato Tashiro, Eri Nobusawa	2014	Epitope Mapping of the Hemagglutinin Molecule of A/(H1N1)pdm09 Influenza Virus by Using Monoclonal Antibody Escape Mutants	Journal of Virology	Yoko Matsuzaki, Kanetsu Sugawara, Mina Nakauchi, Yoshimasa Takahashi, Taishi Onodera, Yasuko Tsunetsugu-Yokota, Takayuki Matsumura, Manabu Ato, Kazuo Kobayashi, Yoshitaka Shimotai, Katsumi Mizuta, Seiji Hongo, Masato Tashiro, Eri Nobusawa (2014). Epitope Mapping of the Hemagglutinin Molecule of A/(H1N1)pdm09 Influenza Virus by Using Monoclonal Antibody Escape Mutants. Journal of Virology.	https://doi.org/https://doi.org/10.1128/jvi.01381-14
HA	Q210E	ACR09395	Antigenic escape mutation	https://doi.org/10.1128/jvi.01381-14	A/Narita/1/2009	Yoko Matsuzaki, Kanetsu Sugawara, Mina Nakauchi, Yoshimasa Takahashi, Taishi Onodera, Yasuko Tsunetsugu-Yokota, Takayuki Matsumura, Manabu Ato, Kazuo Kobayashi, Yoshitaka Shimotai, Katsumi Mizuta, Seiji Hongo, Masato Tashiro, Eri Nobusawa	2014	Epitope Mapping of the Hemagglutinin Molecule of A/(H1N1)pdm09 Influenza Virus by Using Monoclonal Antibody Escape Mutants	Journal of Virology	Yoko Matsuzaki, Kanetsu Sugawara, Mina Nakauchi, Yoshimasa Takahashi, Taishi Onodera, Yasuko Tsunetsugu-Yokota, Takayuki Matsumura, Manabu Ato, Kazuo Kobayashi, Yoshitaka Shimotai, Katsumi Mizuta, Seiji Hongo, Masato Tashiro, Eri Nobusawa (2014). Epitope Mapping of the Hemagglutinin Molecule of A/(H1N1)pdm09 Influenza Virus by Using Monoclonal Antibody Escape Mutants. Journal of Virology.	https://doi.org/https://doi.org/10.1128/jvi.01381-14
HA	Q210L	ACR09395	Antigenic escape mutation	https://doi.org/10.1128/jvi.01381-14	A/Narita/1/2009	Yoko Matsuzaki, Kanetsu Sugawara, Mina Nakauchi, Yoshimasa Takahashi, Taishi Onodera, Yasuko Tsunetsugu-Yokota, Takayuki Matsumura, Manabu Ato, Kazuo Kobayashi, Yoshitaka Shimotai, Katsumi Mizuta, Seiji Hongo, Masato Tashiro, Eri Nobusawa	2014	Epitope Mapping of the Hemagglutinin Molecule of A/(H1N1)pdm09 Influenza Virus by Using Monoclonal Antibody Escape Mutants	Journal of Virology	Yoko Matsuzaki, Kanetsu Sugawara, Mina Nakauchi, Yoshimasa Takahashi, Taishi Onodera, Yasuko Tsunetsugu-Yokota, Takayuki Matsumura, Manabu Ato, Kazuo Kobayashi, Yoshitaka Shimotai, Katsumi Mizuta, Seiji Hongo, Masato Tashiro, Eri Nobusawa (2014). Epitope Mapping of the Hemagglutinin Molecule of A/(H1N1)pdm09 Influenza Virus by Using Monoclonal Antibody Escape Mutants. Journal of Virology.	https://doi.org/https://doi.org/10.1128/jvi.01381-14
HA	N211D	ACR09395	Antigenic escape mutation	https://doi.org/10.1128/jvi.01381-14	A/Narita/1/2009	Yoko Matsuzaki, Kanetsu Sugawara, Mina Nakauchi, Yoshimasa Takahashi, Taishi Onodera, Yasuko Tsunetsugu-Yokota, Takayuki Matsumura, Manabu Ato, Kazuo Kobayashi, Yoshitaka Shimotai, Katsumi Mizuta, Seiji Hongo, Masato Tashiro, Eri Nobusawa	2014	Epitope Mapping of the Hemagglutinin Molecule of A/(H1N1)pdm09 Influenza Virus by Using Monoclonal Antibody Escape Mutants	Journal of Virology	Yoko Matsuzaki, Kanetsu Sugawara, Mina Nakauchi, Yoshimasa Takahashi, Taishi Onodera, Yasuko Tsunetsugu-Yokota, Takayuki Matsumura, Manabu Ato, Kazuo Kobayashi, Yoshitaka Shimotai, Katsumi Mizuta, Seiji Hongo, Masato Tashiro, Eri Nobusawa (2014). Epitope Mapping of the Hemagglutinin Molecule of A/(H1N1)pdm09 Influenza Virus by Using Monoclonal Antibody Escape Mutants. Journal of Virology.	https://doi.org/https://doi.org/10.1128/jvi.01381-14
HA	A212E	ACR09395	Antigenic escape mutation	https://doi.org/10.1128/jvi.01381-14	A/Narita/1/2009	Yoko Matsuzaki, Kanetsu Sugawara, Mina Nakauchi, Yoshimasa Takahashi, Taishi Onodera, Yasuko Tsunetsugu-Yokota, Takayuki Matsumura, Manabu Ato, Kazuo Kobayashi, Yoshitaka Shimotai, Katsumi Mizuta, Seiji Hongo, Masato Tashiro, Eri Nobusawa	2014	Epitope Mapping of the Hemagglutinin Molecule of A/(H1N1)pdm09 Influenza Virus by Using Monoclonal Antibody Escape Mutants	Journal of Virology	Yoko Matsuzaki, Kanetsu Sugawara, Mina Nakauchi, Yoshimasa Takahashi, Taishi Onodera, Yasuko Tsunetsugu-Yokota, Takayuki Matsumura, Manabu Ato, Kazuo Kobayashi, Yoshitaka Shimotai, Katsumi Mizuta, Seiji Hongo, Masato Tashiro, Eri Nobusawa (2014). Epitope Mapping of the Hemagglutinin Molecule of A/(H1N1)pdm09 Influenza Virus by Using Monoclonal Antibody Escape Mutants. Journal of Virology.	https://doi.org/https://doi.org/10.1128/jvi.01381-14
HA	A214T	ACR09395	Antigenic escape mutation	https://doi.org/10.1128/jvi.01381-14	A/Narita/1/2009	Yoko Matsuzaki, Kanetsu Sugawara, Mina Nakauchi, Yoshimasa Takahashi, Taishi Onodera, Yasuko Tsunetsugu-Yokota, Takayuki Matsumura, Manabu Ato, Kazuo Kobayashi, Yoshitaka Shimotai, Katsumi Mizuta, Seiji Hongo, Masato Tashiro, Eri Nobusawa	2014	Epitope Mapping of the Hemagglutinin Molecule of A/(H1N1)pdm09 Influenza Virus by Using Monoclonal Antibody Escape Mutants	Journal of Virology	Yoko Matsuzaki, Kanetsu Sugawara, Mina Nakauchi, Yoshimasa Takahashi, Taishi Onodera, Yasuko Tsunetsugu-Yokota, Takayuki Matsumura, Manabu Ato, Kazuo Kobayashi, Yoshitaka Shimotai, Katsumi Mizuta, Seiji Hongo, Masato Tashiro, Eri Nobusawa (2014). Epitope Mapping of the Hemagglutinin Molecule of A/(H1N1)pdm09 Influenza Virus by Using Monoclonal Antibody Escape Mutants. Journal of Virology.	https://doi.org/https://doi.org/10.1128/jvi.01381-14
HA	S220T	ACR09395	Antigenic escape mutation	https://doi.org/10.1128/jvi.01381-14	A/Narita/1/2009	Yoko Matsuzaki, Kanetsu Sugawara, Mina Nakauchi, Yoshimasa Takahashi, Taishi Onodera, Yasuko Tsunetsugu-Yokota, Takayuki Matsumura, Manabu Ato, Kazuo Kobayashi, Yoshitaka Shimotai, Katsumi Mizuta, Seiji Hongo, Masato Tashiro, Eri Nobusawa	2014	Epitope Mapping of the Hemagglutinin Molecule of A/(H1N1)pdm09 Influenza Virus by Using Monoclonal Antibody Escape Mutants	Journal of Virology	Yoko Matsuzaki, Kanetsu Sugawara, Mina Nakauchi, Yoshimasa Takahashi, Taishi Onodera, Yasuko Tsunetsugu-Yokota, Takayuki Matsumura, Manabu Ato, Kazuo Kobayashi, Yoshitaka Shimotai, Katsumi Mizuta, Seiji Hongo, Masato Tashiro, Eri Nobusawa (2014). Epitope Mapping of the Hemagglutinin Molecule of A/(H1N1)pdm09 Influenza Virus by Using Monoclonal Antibody Escape Mutants. Journal of Virology.	https://doi.org/https://doi.org/10.1128/jvi.01381-14
HA	E233K	ACR09395	Antigenic escape mutation	https://doi.org/10.1128/jvi.01381-14	A/Narita/1/2009	Yoko Matsuzaki, Kanetsu Sugawara, Mina Nakauchi, Yoshimasa Takahashi, Taishi Onodera, Yasuko Tsunetsugu-Yokota, Takayuki Matsumura, Manabu Ato, Kazuo Kobayashi, Yoshitaka Shimotai, Katsumi Mizuta, Seiji Hongo, Masato Tashiro, Eri Nobusawa	2014	Epitope Mapping of the Hemagglutinin Molecule of A/(H1N1)pdm09 Influenza Virus by Using Monoclonal Antibody Escape Mutants	Journal of Virology	Yoko Matsuzaki, Kanetsu Sugawara, Mina Nakauchi, Yoshimasa Takahashi, Taishi Onodera, Yasuko Tsunetsugu-Yokota, Takayuki Matsumura, Manabu Ato, Kazuo Kobayashi, Yoshitaka Shimotai, Katsumi Mizuta, Seiji Hongo, Masato Tashiro, Eri Nobusawa (2014). Epitope Mapping of the Hemagglutinin Molecule of A/(H1N1)pdm09 Influenza Virus by Using Monoclonal Antibody Escape Mutants. Journal of Virology.	https://doi.org/https://doi.org/10.1128/jvi.01381-14
HA	R238K	ACR09395	Antigenic escape mutation	https://doi.org/10.1128/jvi.01381-14	A/Narita/1/2009	Yoko Matsuzaki, Kanetsu Sugawara, Mina Nakauchi, Yoshimasa Takahashi, Taishi Onodera, Yasuko Tsunetsugu-Yokota, Takayuki Matsumura, Manabu Ato, Kazuo Kobayashi, Yoshitaka Shimotai, Katsumi Mizuta, Seiji Hongo, Masato Tashiro, Eri Nobusawa	2014	Epitope Mapping of the Hemagglutinin Molecule of A/(H1N1)pdm09 Influenza Virus by Using Monoclonal Antibody Escape Mutants	Journal of Virology	Yoko Matsuzaki, Kanetsu Sugawara, Mina Nakauchi, Yoshimasa Takahashi, Taishi Onodera, Yasuko Tsunetsugu-Yokota, Takayuki Matsumura, Manabu Ato, Kazuo Kobayashi, Yoshitaka Shimotai, Katsumi Mizuta, Seiji Hongo, Masato Tashiro, Eri Nobusawa (2014). Epitope Mapping of the Hemagglutinin Molecule of A/(H1N1)pdm09 Influenza Virus by Using Monoclonal Antibody Escape Mutants. Journal of Virology.	https://doi.org/https://doi.org/10.1128/jvi.01381-14
HA	N142D	JQ858372	Antigenic escape mutation	10.1016/j.virusres.2012.03.003	A/Moscow/IIV01/2009	Irina Rudneva, Anna Ignatieva, Tatiana Timofeeva, Aleksandr Shilov, Alla Kushch, Olga Masalova, Regina Klimova, Nicolai Bovin, Larisa Mochalova, Nikolai Kaverin	2012	Escape mutants of pandemic influenza A/H1N1 2009 virus: Variations in antigenic specificity and receptor affinity of the hemagglutinin	Virus Research	Irina Rudneva, Anna Ignatieva, Tatiana Timofeeva, Aleksandr Shilov, Alla Kushch, Olga Masalova, Regina Klimova, Nicolai Bovin, Larisa Mochalova, Nikolai Kaverin (2012). Escape mutants of pandemic influenza A/H1N1 2009 virus: Variations in antigenic specificity and receptor affinity of the hemagglutinin. Virus Research.	https://doi.org/10.1016/j.virusres.2012.03.003
HA	N142S	JQ858372	Antigenic escape mutation	10.1016/j.virusres.2012.03.003	A/Moscow/IIV01/2009	Irina Rudneva, Anna Ignatieva, Tatiana Timofeeva, Aleksandr Shilov, Alla Kushch, Olga Masalova, Regina Klimova, Nicolai Bovin, Larisa Mochalova, Nikolai Kaverin	2012	Escape mutants of pandemic influenza A/H1N1 2009 virus: Variations in antigenic specificity and receptor affinity of the hemagglutinin	Virus Research	Irina Rudneva, Anna Ignatieva, Tatiana Timofeeva, Aleksandr Shilov, Alla Kushch, Olga Masalova, Regina Klimova, Nicolai Bovin, Larisa Mochalova, Nikolai Kaverin (2012). Escape mutants of pandemic influenza A/H1N1 2009 virus: Variations in antigenic specificity and receptor affinity of the hemagglutinin. Virus Research.	https://doi.org/10.1016/j.virusres.2012.03.003
HA	K169E	JQ858372	Antigenic escape mutation	10.1016/j.virusres.2012.03.003	A/Moscow/IIV01/2009	Irina Rudneva, Anna Ignatieva, Tatiana Timofeeva, Aleksandr Shilov, Alla Kushch, Olga Masalova, Regina Klimova, Nicolai Bovin, Larisa Mochalova, Nikolai Kaverin	2012	Escape mutants of pandemic influenza A/H1N1 2009 virus: Variations in antigenic specificity and receptor affinity of the hemagglutinin	Virus Research	Irina Rudneva, Anna Ignatieva, Tatiana Timofeeva, Aleksandr Shilov, Alla Kushch, Olga Masalova, Regina Klimova, Nicolai Bovin, Larisa Mochalova, Nikolai Kaverin (2012). Escape mutants of pandemic influenza A/H1N1 2009 virus: Variations in antigenic specificity and receptor affinity of the hemagglutinin. Virus Research.	https://doi.org/10.1016/j.virusres.2012.03.003
HA	G171E	JQ858372	Antigenic escape mutation	10.1016/j.virusres.2012.03.003	A/Moscow/IIV01/2009	Irina Rudneva, Anna Ignatieva, Tatiana Timofeeva, Aleksandr Shilov, Alla Kushch, Olga Masalova, Regina Klimova, Nicolai Bovin, Larisa Mochalova, Nikolai Kaverin	2012	Escape mutants of pandemic influenza A/H1N1 2009 virus: Variations in antigenic specificity and receptor affinity of the hemagglutinin	Virus Research	Irina Rudneva, Anna Ignatieva, Tatiana Timofeeva, Aleksandr Shilov, Alla Kushch, Olga Masalova, Regina Klimova, Nicolai Bovin, Larisa Mochalova, Nikolai Kaverin (2012). Escape mutants of pandemic influenza A/H1N1 2009 virus: Variations in antigenic specificity and receptor affinity of the hemagglutinin. Virus Research.	https://doi.org/10.1016/j.virusres.2012.03.003
HA	N172D	JQ858372	Antigenic escape mutation	10.1016/j.virusres.2012.03.003	A/Moscow/IIV01/2009	Irina Rudneva, Anna Ignatieva, Tatiana Timofeeva, Aleksandr Shilov, Alla Kushch, Olga Masalova, Regina Klimova, Nicolai Bovin, Larisa Mochalova, Nikolai Kaverin	2012	Escape mutants of pandemic influenza A/H1N1 2009 virus: Variations in antigenic specificity and receptor affinity of the hemagglutinin	Virus Research	Irina Rudneva, Anna Ignatieva, Tatiana Timofeeva, Aleksandr Shilov, Alla Kushch, Olga Masalova, Regina Klimova, Nicolai Bovin, Larisa Mochalova, Nikolai Kaverin (2012). Escape mutants of pandemic influenza A/H1N1 2009 virus: Variations in antigenic specificity and receptor affinity of the hemagglutinin. Virus Research.	https://doi.org/10.1016/j.virusres.2012.03.003
HA	D203N	JQ858372	Antigenic escape mutation	10.1016/j.virusres.2012.03.003	A/Moscow/IIV01/2009	Irina Rudneva, Anna Ignatieva, Tatiana Timofeeva, Aleksandr Shilov, Alla Kushch, Olga Masalova, Regina Klimova, Nicolai Bovin, Larisa Mochalova, Nikolai Kaverin	2012	Escape mutants of pandemic influenza A/H1N1 2009 virus: Variations in antigenic specificity and receptor affinity of the hemagglutinin	Virus Research	Irina Rudneva, Anna Ignatieva, Tatiana Timofeeva, Aleksandr Shilov, Alla Kushch, Olga Masalova, Regina Klimova, Nicolai Bovin, Larisa Mochalova, Nikolai Kaverin (2012). Escape mutants of pandemic influenza A/H1N1 2009 virus: Variations in antigenic specificity and receptor affinity of the hemagglutinin. Virus Research.	https://doi.org/10.1016/j.virusres.2012.03.003
HA	D203E	JQ858372	Antigenic escape mutation	10.1016/j.virusres.2012.03.003	A/Moscow/IIV01/2009	Irina Rudneva, Anna Ignatieva, Tatiana Timofeeva, Aleksandr Shilov, Alla Kushch, Olga Masalova, Regina Klimova, Nicolai Bovin, Larisa Mochalova, Nikolai Kaverin	2012	Escape mutants of pandemic influenza A/H1N1 2009 virus: Variations in antigenic specificity and receptor affinity of the hemagglutinin	Virus Research	Irina Rudneva, Anna Ignatieva, Tatiana Timofeeva, Aleksandr Shilov, Alla Kushch, Olga Masalova, Regina Klimova, Nicolai Bovin, Larisa Mochalova, Nikolai Kaverin (2012). Escape mutants of pandemic influenza A/H1N1 2009 virus: Variations in antigenic specificity and receptor affinity of the hemagglutinin. Virus Research.	https://doi.org/10.1016/j.virusres.2012.03.003
HA	S223N	JQ858372	Antigenic escape mutation	10.1016/j.virusres.2012.03.003	A/Moscow/IIV01/2009	Irina Rudneva, Anna Ignatieva, Tatiana Timofeeva, Aleksandr Shilov, Alla Kushch, Olga Masalova, Regina Klimova, Nicolai Bovin, Larisa Mochalova, Nikolai Kaverin	2012	Escape mutants of pandemic influenza A/H1N1 2009 virus: Variations in antigenic specificity and receptor affinity of the hemagglutinin	Virus Research	Irina Rudneva, Anna Ignatieva, Tatiana Timofeeva, Aleksandr Shilov, Alla Kushch, Olga Masalova, Regina Klimova, Nicolai Bovin, Larisa Mochalova, Nikolai Kaverin (2012). Escape mutants of pandemic influenza A/H1N1 2009 virus: Variations in antigenic specificity and receptor affinity of the hemagglutinin. Virus Research.	https://doi.org/10.1016/j.virusres.2012.03.003
HA	G241E	JQ858372	Antigenic escape mutation	10.1016/j.virusres.2012.03.003	A/Moscow/IIV01/2009	Irina Rudneva, Anna Ignatieva, Tatiana Timofeeva, Aleksandr Shilov, Alla Kushch, Olga Masalova, Regina Klimova, Nicolai Bovin, Larisa Mochalova, Nikolai Kaverin	2012	Escape mutants of pandemic influenza A/H1N1 2009 virus: Variations in antigenic specificity and receptor affinity of the hemagglutinin	Virus Research	Irina Rudneva, Anna Ignatieva, Tatiana Timofeeva, Aleksandr Shilov, Alla Kushch, Olga Masalova, Regina Klimova, Nicolai Bovin, Larisa Mochalova, Nikolai Kaverin (2012). Escape mutants of pandemic influenza A/H1N1 2009 virus: Variations in antigenic specificity and receptor affinity of the hemagglutinin. Virus Research.	https://doi.org/10.1016/j.virusres.2012.03.003
HA	K298M	JQ858372	Antigenic escape mutation	10.1016/j.virusres.2012.03.003	A/Moscow/IIV01/2009	Irina Rudneva, Anna Ignatieva, Tatiana Timofeeva, Aleksandr Shilov, Alla Kushch, Olga Masalova, Regina Klimova, Nicolai Bovin, Larisa Mochalova, Nikolai Kaverin	2012	Escape mutants of pandemic influenza A/H1N1 2009 virus: Variations in antigenic specificity and receptor affinity of the hemagglutinin	Virus Research	Irina Rudneva, Anna Ignatieva, Tatiana Timofeeva, Aleksandr Shilov, Alla Kushch, Olga Masalova, Regina Klimova, Nicolai Bovin, Larisa Mochalova, Nikolai Kaverin (2012). Escape mutants of pandemic influenza A/H1N1 2009 virus: Variations in antigenic specificity and receptor affinity of the hemagglutinin. Virus Research.	https://doi.org/10.1016/j.virusres.2012.03.003
HA	S88Y	KF860846	Antigenic escape mutation	https://doi.org/10.1099/vir.0.061598-0	A/Extremadura/RR6530/2010	Blanca García-Barreno, Teresa Delgado, Sonia Benito, Inmaculada Casas, Francisco Pozo, María Teresa Cuevas, Vicente Mas, Alfonsina Trento, Ariel Rodriguez-Frandsen, Ana Falcón, Juan Ortín, Amelia Nieto, José A. Melero	2014	Characterization of an enhanced antigenic change in the pandemic 2009 H1N1 influenza virus haemagglutinin	Journal of General Virology	Blanca García-Barreno, Teresa Delgado, Sonia Benito, Inmaculada Casas, Francisco Pozo, María Teresa Cuevas, Vicente Mas, Alfonsina Trento, Ariel Rodriguez-Frandsen, Ana Falcón, Juan Ortín, Amelia Nieto, José A. Melero (2014). Characterization of an enhanced antigenic change in the pandemic 2009 H1N1 influenza virus haemagglutinin. Journal of General Virology.	https://doi.org/https://doi.org/10.1099/vir.0.061598-0
HA	K136N	KF860846	Antigenic escape mutation	https://doi.org/10.1099/vir.0.061598-0	A/Extremadura/RR6530/2010	Blanca García-Barreno, Teresa Delgado, Sonia Benito, Inmaculada Casas, Francisco Pozo, María Teresa Cuevas, Vicente Mas, Alfonsina Trento, Ariel Rodriguez-Frandsen, Ana Falcón, Juan Ortín, Amelia Nieto, José A. Melero	2014	Characterization of an enhanced antigenic change in the pandemic 2009 H1N1 influenza virus haemagglutinin	Journal of General Virology	Blanca García-Barreno, Teresa Delgado, Sonia Benito, Inmaculada Casas, Francisco Pozo, María Teresa Cuevas, Vicente Mas, Alfonsina Trento, Ariel Rodriguez-Frandsen, Ana Falcón, Juan Ortín, Amelia Nieto, José A. Melero (2014). Characterization of an enhanced antigenic change in the pandemic 2009 H1N1 influenza virus haemagglutinin. Journal of General Virology.	https://doi.org/https://doi.org/10.1099/vir.0.061598-0
